C:\Users\juanp\source\repos\Toy-Vision\tools\toy_model_export\export_toy_model.py:24: SyntaxWarning: invalid escape sequence '\.'
  .\.venv\Scripts\Activate.ps1
[toy-export] loading yolov8s-world (downloads on first run)…

[KDownloading https://github.com/ultralytics/assets/releases/download/v8.4.0/yolov8s-world.pt to 'yolov8s-world.pt': 1% ──────────── 238.8KB/25.9MB 2.0MB/s 0.1s<12.6s
[KDownloading https://github.com/ultralytics/assets/releases/download/v8.4.0/yolov8s-world.pt to 'yolov8s-world.pt': 6% ╸─────────── 1.6/25.9MB 12.9MB/s 0.2s<1.9s
[KDownloading https://github.com/ultralytics/assets/releases/download/v8.4.0/yolov8s-world.pt to 'yolov8s-world.pt': 24% ━━╸───────── 6.3/25.9MB 47.7MB/s 0.3s<0.4s
[KDownloading https://github.com/ultralytics/assets/releases/download/v8.4.0/yolov8s-world.pt to 'yolov8s-world.pt': 49% ━━━━━╸────── 12.8/25.9MB 64.2MB/s 0.4s<0.2s
[KDownloading https://github.com/ultralytics/assets/releases/download/v8.4.0/yolov8s-world.pt to 'yolov8s-world.pt': 81% ━━━━━━━━━╸── 21.0/25.9MB 68.2MB/s 0.5s<0.1s
[KDownloading https://github.com/ultralytics/assets/releases/download/v8.4.0/yolov8s-world.pt to 'yolov8s-world.pt': 100% ━━━━━━━━━━━━ 25.9MB 43.7MB/s 0.6s
[toy-export] fixing vocabulary to 20 toy classes…
[31m[1mrequirements:[0m Ultralytics requirement ['git+https://github.com/ultralytics/CLIP.git'] not found, attempting AutoUpdate...
Resolved 19 packages in 2.01s
   Updating https://github.com/ultralytics/CLIP.git (HEAD)
    Updated https://github.com/ultralytics/CLIP.git (81ff68ed7ffcac3b40484c914f104f816757308d)
   Building clip @ git+https://github.com/ultralytics/CLIP.git@81ff68ed7ffcac3b40484c914f104f816757308d
      Built clip @ git+https://github.com/ultralytics/CLIP.git@81ff68ed7ffcac3b40484c914f104f816757308d
Prepared 6 packages in 7.92s
Installed 6 packages in 171ms
 + clip==1.0 (from git+https://github.com/ultralytics/CLIP.git@81ff68ed7ffcac3b40484c914f104f816757308d)
 + colorama==0.4.6
 + ftfy==6.3.1
 + regex==2026.5.9
 + tqdm==4.67.3
 + wcwidth==0.7.0

[31m[1mrequirements:[0m AutoUpdate success  11.2s
WARNING [31m[1mrequirements:[0m [1mRestart runtime or rerun command for updates to take effect[0m

[toy-export] exporting to TFLite (this can take a few minutes)…
Ultralytics 8.4.60  Python-3.13.7 torch-2.12.0+cpu CPU (13th Gen Intel Core i7-13620H)
WARNING YOLOWorld (original version) export is not supported to any format. YOLOWorldv2 models (i.e. 'yolov8s-worldv2.pt') only support export to (torchscript, onnx, openvino, engine, coreml) formats. See https://docs.ultralytics.com/models/yolo-world for details.
 ProTip: Export to OpenVINO format for best performance on Intel hardware. Learn more at https://docs.ultralytics.com/integrations/openvino/
YOLOv8s-world summary (fused): 100 layers, 13,372,904 parameters, 0 gradients, 44.4 GFLOPs

[34m[1mPyTorch:[0m starting from 'yolov8s-world.pt' with input shape (1, 3, 640, 640) BCHW and output shape(s) (1, 24, 8400) (25.9 MB)
[31m[1mrequirements:[0m Ultralytics requirement ['onnxslim>=0.1.82'] not found, attempting AutoUpdate...
Resolved 10 packages in 838ms
Prepared 1 package in 519ms
Installed 1 package in 491ms
 + onnxslim==0.1.94

[31m[1mrequirements:[0m AutoUpdate success  2.3s
WARNING [31m[1mrequirements:[0m [1mRestart runtime or rerun command for updates to take effect[0m


[34m[1mONNX:[0m starting export with onnx 1.21.0 opset 20...
Torch IR graph at exception: graph(%x.1 : Float(1, 3, 640, 640, strides=[1228800, 409600, 640, 1], requires_grad=0, device=cpu),
      %model.0.conv.weight : Float(32, 3, 3, 3, strides=[27, 9, 3, 1], requires_grad=0, device=cpu),
      %model.0.conv.bias : Float(32, strides=[1], requires_grad=0, device=cpu),
      %model.1.conv.weight : Float(64, 32, 3, 3, strides=[288, 9, 3, 1], requires_grad=0, device=cpu),
      %model.1.conv.bias : Float(64, strides=[1], requires_grad=0, device=cpu),
      %model.2.cv1.conv.weight : Float(64, 64, 1, 1, strides=[64, 1, 1, 1], requires_grad=0, device=cpu),
      %model.2.cv1.conv.bias : Float(64, strides=[1], requires_grad=0, device=cpu),
      %model.2.cv2.conv.weight : Float(64, 96, 1, 1, strides=[96, 1, 1, 1], requires_grad=0, device=cpu),
      %model.2.cv2.conv.bias : Float(64, strides=[1], requires_grad=0, device=cpu),
      %model.2.m.0.cv1.conv.weight : Float(32, 32, 3, 3, strides=[288, 9, 3, 1], requires_grad=0, device=cpu),
      %model.2.m.0.cv1.conv.bias : Float(32, strides=[1], requires_grad=0, device=cpu),
      %model.2.m.0.cv2.conv.weight : Float(32, 32, 3, 3, strides=[288, 9, 3, 1], requires_grad=0, device=cpu),
      %model.2.m.0.cv2.conv.bias : Float(32, strides=[1], requires_grad=0, device=cpu),
      %model.3.conv.weight : Float(128, 64, 3, 3, strides=[576, 9, 3, 1], requires_grad=0, device=cpu),
      %model.3.conv.bias : Float(128, strides=[1], requires_grad=0, device=cpu),
      %model.4.cv1.conv.weight : Float(128, 128, 1, 1, strides=[128, 1, 1, 1], requires_grad=0, device=cpu),
      %model.4.cv1.conv.bias : Float(128, strides=[1], requires_grad=0, device=cpu),
      %model.4.cv2.conv.weight : Float(128, 256, 1, 1, strides=[256, 1, 1, 1], requires_grad=0, device=cpu),
      %model.4.cv2.conv.bias : Float(128, strides=[1], requires_grad=0, device=cpu),
      %model.4.m.0.cv1.conv.weight : Float(64, 64, 3, 3, strides=[576, 9, 3, 1], requires_grad=0, device=cpu),
      %model.4.m.0.cv1.conv.bias : Float(64, strides=[1], requires_grad=0, device=cpu),
      %model.4.m.0.cv2.conv.weight : Float(64, 64, 3, 3, strides=[576, 9, 3, 1], requires_grad=0, device=cpu),
      %model.4.m.0.cv2.conv.bias : Float(64, strides=[1], requires_grad=0, device=cpu),
      %model.4.m.1.cv1.conv.weight : Float(64, 64, 3, 3, strides=[576, 9, 3, 1], requires_grad=0, device=cpu),
      %model.4.m.1.cv1.conv.bias : Float(64, strides=[1], requires_grad=0, device=cpu),
      %model.4.m.1.cv2.conv.weight : Float(64, 64, 3, 3, strides=[576, 9, 3, 1], requires_grad=0, device=cpu),
      %model.4.m.1.cv2.conv.bias : Float(64, strides=[1], requires_grad=0, device=cpu),
      %model.5.conv.weight : Float(256, 128, 3, 3, strides=[1152, 9, 3, 1], requires_grad=0, device=cpu),
      %model.5.conv.bias : Float(256, strides=[1], requires_grad=0, device=cpu),
      %model.6.cv1.conv.weight : Float(256, 256, 1, 1, strides=[256, 1, 1, 1], requires_grad=0, device=cpu),
      %model.6.cv1.conv.bias : Float(256, strides=[1], requires_grad=0, device=cpu),
      %model.6.cv2.conv.weight : Float(256, 512, 1, 1, strides=[512, 1, 1, 1], requires_grad=0, device=cpu),
      %model.6.cv2.conv.bias : Float(256, strides=[1], requires_grad=0, device=cpu),
      %model.6.m.0.cv1.conv.weight : Float(128, 128, 3, 3, strides=[1152, 9, 3, 1], requires_grad=0, device=cpu),
      %model.6.m.0.cv1.conv.bias : Float(128, strides=[1], requires_grad=0, device=cpu),
      %model.6.m.0.cv2.conv.weight : Float(128, 128, 3, 3, strides=[1152, 9, 3, 1], requires_grad=0, device=cpu),
      %model.6.m.0.cv2.conv.bias : Float(128, strides=[1], requires_grad=0, device=cpu),
      %model.6.m.1.cv1.conv.weight : Float(128, 128, 3, 3, strides=[1152, 9, 3, 1], requires_grad=0, device=cpu),
      %model.6.m.1.cv1.conv.bias : Float(128, strides=[1], requires_grad=0, device=cpu),
      %model.6.m.1.cv2.conv.weight : Float(128, 128, 3, 3, strides=[1152, 9, 3, 1], requires_grad=0, device=cpu),
      %model.6.m.1.cv2.conv.bias : Float(128, strides=[1], requires_grad=0, device=cpu),
      %model.7.conv.weight : Float(512, 256, 3, 3, strides=[2304, 9, 3, 1], requires_grad=0, device=cpu),
      %model.7.conv.bias : Float(512, strides=[1], requires_grad=0, device=cpu),
      %model.8.cv1.conv.weight : Float(512, 512, 1, 1, strides=[512, 1, 1, 1], requires_grad=0, device=cpu),
      %model.8.cv1.conv.bias : Float(512, strides=[1], requires_grad=0, device=cpu),
      %model.8.cv2.conv.weight : Float(512, 768, 1, 1, strides=[768, 1, 1, 1], requires_grad=0, device=cpu),
      %model.8.cv2.conv.bias : Float(512, strides=[1], requires_grad=0, device=cpu),
      %model.8.m.0.cv1.conv.weight : Float(256, 256, 3, 3, strides=[2304, 9, 3, 1], requires_grad=0, device=cpu),
      %model.8.m.0.cv1.conv.bias : Float(256, strides=[1], requires_grad=0, device=cpu),
      %model.8.m.0.cv2.conv.weight : Float(256, 256, 3, 3, strides=[2304, 9, 3, 1], requires_grad=0, device=cpu),
      %model.8.m.0.cv2.conv.bias : Float(256, strides=[1], requires_grad=0, device=cpu),
      %model.9.cv1.conv.weight : Float(256, 512, 1, 1, strides=[512, 1, 1, 1], requires_grad=0, device=cpu),
      %model.9.cv1.conv.bias : Float(256, strides=[1], requires_grad=0, device=cpu),
      %model.9.cv2.conv.weight : Float(512, 1024, 1, 1, strides=[1024, 1, 1, 1], requires_grad=0, device=cpu),
      %model.9.cv2.conv.bias : Float(512, strides=[1], requires_grad=0, device=cpu),
      %model.12.cv1.conv.weight : Float(256, 768, 1, 1, strides=[768, 1, 1, 1], requires_grad=0, device=cpu),
      %model.12.cv1.conv.bias : Float(256, strides=[1], requires_grad=0, device=cpu),
      %model.12.cv2.conv.weight : Float(256, 512, 1, 1, strides=[512, 1, 1, 1], requires_grad=0, device=cpu),
      %model.12.cv2.conv.bias : Float(256, strides=[1], requires_grad=0, device=cpu),
      %model.12.m.0.cv1.conv.weight : Float(128, 128, 3, 3, strides=[1152, 9, 3, 1], requires_grad=0, device=cpu),
      %model.12.m.0.cv1.conv.bias : Float(128, strides=[1], requires_grad=0, device=cpu),
      %model.12.m.0.cv2.conv.weight : Float(128, 128, 3, 3, strides=[1152, 9, 3, 1], requires_grad=0, device=cpu),
      %model.12.m.0.cv2.conv.bias : Float(128, strides=[1], requires_grad=0, device=cpu),
      %model.12.attn.bias : Float(4, strides=[1], requires_grad=0, device=cpu),
      %model.12.attn.gl.weight : Float(128, 512, strides=[512, 1], requires_grad=0, device=cpu),
      %model.12.attn.gl.bias : Float(128, strides=[1], requires_grad=0, device=cpu),
      %model.12.attn.proj_conv.conv.weight : Float(128, 128, 3, 3, strides=[1152, 9, 3, 1], requires_grad=0, device=cpu),
      %model.12.attn.proj_conv.conv.bias : Float(128, strides=[1], requires_grad=0, device=cpu),
      %model.15.cv1.conv.weight : Float(128, 384, 1, 1, strides=[384, 1, 1, 1], requires_grad=0, device=cpu),
      %model.15.cv1.conv.bias : Float(128, strides=[1], requires_grad=0, device=cpu),
      %model.15.cv2.conv.weight : Float(128, 256, 1, 1, strides=[256, 1, 1, 1], requires_grad=0, device=cpu),
      %model.15.cv2.conv.bias : Float(128, strides=[1], requires_grad=0, device=cpu),
      %model.15.m.0.cv1.conv.weight : Float(64, 64, 3, 3, strides=[576, 9, 3, 1], requires_grad=0, device=cpu),
      %model.15.m.0.cv1.conv.bias : Float(64, strides=[1], requires_grad=0, device=cpu),
      %model.15.m.0.cv2.conv.weight : Float(64, 64, 3, 3, strides=[576, 9, 3, 1], requires_grad=0, device=cpu),
      %model.15.m.0.cv2.conv.bias : Float(64, strides=[1], requires_grad=0, device=cpu),
      %model.15.attn.bias : Float(2, strides=[1], requires_grad=0, device=cpu),
      %model.15.attn.gl.weight : Float(64, 512, strides=[512, 1], requires_grad=0, device=cpu),
      %model.15.attn.gl.bias : Float(64, strides=[1], requires_grad=0, device=cpu),
      %model.15.attn.proj_conv.conv.weight : Float(64, 64, 3, 3, strides=[576, 9, 3, 1], requires_grad=0, device=cpu),
      %model.15.attn.proj_conv.conv.bias : Float(64, strides=[1], requires_grad=0, device=cpu),
      %model.16.query.0.weight : Float(512, strides=[1], requires_grad=0, device=cpu),
      %model.16.query.0.bias : Float(512, strides=[1], requires_grad=0, device=cpu),
      %model.16.query.1.weight : Float(256, 512, strides=[512, 1], requires_grad=0, device=cpu),
      %model.16.query.1.bias : Float(256, strides=[1], requires_grad=0, device=cpu),
      %model.16.key.0.weight : Float(256, strides=[1], requires_grad=0, device=cpu),
      %model.16.key.0.bias : Float(256, strides=[1], requires_grad=0, device=cpu),
      %model.16.key.1.weight : Float(256, 256, strides=[256, 1], requires_grad=0, device=cpu),
      %model.16.key.1.bias : Float(256, strides=[1], requires_grad=0, device=cpu),
      %model.16.value.0.weight : Float(256, strides=[1], requires_grad=0, device=cpu),
      %model.16.value.0.bias : Float(256, strides=[1], requires_grad=0, device=cpu),
      %model.16.value.1.weight : Float(256, 256, strides=[256, 1], requires_grad=0, device=cpu),
      %model.16.value.1.bias : Float(256, strides=[1], requires_grad=0, device=cpu),
      %model.16.proj.weight : Float(512, 256, strides=[256, 1], requires_grad=0, device=cpu),
      %model.16.proj.bias : Float(512, strides=[1], requires_grad=0, device=cpu),
      %model.16.projections.0.weight : Float(256, 128, 1, 1, strides=[128, 1, 1, 1], requires_grad=0, device=cpu),
      %model.16.projections.0.bias : Float(256, strides=[1], requires_grad=0, device=cpu),
      %model.16.projections.1.weight : Float(256, 256, 1, 1, strides=[256, 1, 1, 1], requires_grad=0, device=cpu),
      %model.16.projections.1.bias : Float(256, strides=[1], requires_grad=0, device=cpu),
      %model.16.projections.2.weight : Float(256, 512, 1, 1, strides=[512, 1, 1, 1], requires_grad=0, device=cpu),
      %model.16.projections.2.bias : Float(256, strides=[1], requires_grad=0, device=cpu),
      %model.17.conv.weight : Float(128, 128, 3, 3, strides=[1152, 9, 3, 1], requires_grad=0, device=cpu),
      %model.17.conv.bias : Float(128, strides=[1], requires_grad=0, device=cpu),
      %model.19.cv1.conv.weight : Float(256, 384, 1, 1, strides=[384, 1, 1, 1], requires_grad=0, device=cpu),
      %model.19.cv1.conv.bias : Float(256, strides=[1], requires_grad=0, device=cpu),
      %model.19.cv2.conv.weight : Float(256, 512, 1, 1, strides=[512, 1, 1, 1], requires_grad=0, device=cpu),
      %model.19.cv2.conv.bias : Float(256, strides=[1], requires_grad=0, device=cpu),
      %model.19.m.0.cv1.conv.weight : Float(128, 128, 3, 3, strides=[1152, 9, 3, 1], requires_grad=0, device=cpu),
      %model.19.m.0.cv1.conv.bias : Float(128, strides=[1], requires_grad=0, device=cpu),
      %model.19.m.0.cv2.conv.weight : Float(128, 128, 3, 3, strides=[1152, 9, 3, 1], requires_grad=0, device=cpu),
      %model.19.m.0.cv2.conv.bias : Float(128, strides=[1], requires_grad=0, device=cpu),
      %model.19.attn.bias : Float(4, strides=[1], requires_grad=0, device=cpu),
      %model.19.attn.gl.weight : Float(128, 512, strides=[512, 1], requires_grad=0, device=cpu),
      %model.19.attn.gl.bias : Float(128, strides=[1], requires_grad=0, device=cpu),
      %model.19.attn.proj_conv.conv.weight : Float(128, 128, 3, 3, strides=[1152, 9, 3, 1], requires_grad=0, device=cpu),
      %model.19.attn.proj_conv.conv.bias : Float(128, strides=[1], requires_grad=0, device=cpu),
      %model.20.conv.weight : Float(256, 256, 3, 3, strides=[2304, 9, 3, 1], requires_grad=0, device=cpu),
      %model.20.conv.bias : Float(256, strides=[1], requires_grad=0, device=cpu),
      %model.22.cv1.conv.weight : Float(512, 768, 1, 1, strides=[768, 1, 1, 1], requires_grad=0, device=cpu),
      %model.22.cv1.conv.bias : Float(512, strides=[1], requires_grad=0, device=cpu),
      %model.22.cv2.conv.weight : Float(512, 1024, 1, 1, strides=[1024, 1, 1, 1], requires_grad=0, device=cpu),
      %model.22.cv2.conv.bias : Float(512, strides=[1], requires_grad=0, device=cpu),
      %model.22.m.0.cv1.conv.weight : Float(256, 256, 3, 3, strides=[2304, 9, 3, 1], requires_grad=0, device=cpu),
      %model.22.m.0.cv1.conv.bias : Float(256, strides=[1], requires_grad=0, device=cpu),
      %model.22.m.0.cv2.conv.weight : Float(256, 256, 3, 3, strides=[2304, 9, 3, 1], requires_grad=0, device=cpu),
      %model.22.m.0.cv2.conv.bias : Float(256, strides=[1], requires_grad=0, device=cpu),
      %model.22.attn.bias : Float(8, strides=[1], requires_grad=0, device=cpu),
      %model.22.attn.gl.weight : Float(256, 512, strides=[512, 1], requires_grad=0, device=cpu),
      %model.22.attn.gl.bias : Float(256, strides=[1], requires_grad=0, device=cpu),
      %model.22.attn.proj_conv.conv.weight : Float(256, 256, 3, 3, strides=[2304, 9, 3, 1], requires_grad=0, device=cpu),
      %model.22.attn.proj_conv.conv.bias : Float(256, strides=[1], requires_grad=0, device=cpu),
      %model.23.cv2.0.0.conv.weight : Float(64, 128, 3, 3, strides=[1152, 9, 3, 1], requires_grad=0, device=cpu),
      %model.23.cv2.0.0.conv.bias : Float(64, strides=[1], requires_grad=0, device=cpu),
      %model.23.cv2.0.1.conv.weight : Float(64, 64, 3, 3, strides=[576, 9, 3, 1], requires_grad=0, device=cpu),
      %model.23.cv2.0.1.conv.bias : Float(64, strides=[1], requires_grad=0, device=cpu),
      %model.23.cv2.0.2.weight : Float(64, 64, 1, 1, strides=[64, 1, 1, 1], requires_grad=0, device=cpu),
      %model.23.cv2.0.2.bias : Float(64, strides=[1], requires_grad=0, device=cpu),
      %model.23.cv2.1.0.conv.weight : Float(64, 256, 3, 3, strides=[2304, 9, 3, 1], requires_grad=0, device=cpu),
      %model.23.cv2.1.0.conv.bias : Float(64, strides=[1], requires_grad=0, device=cpu),
      %model.23.cv2.1.1.conv.weight : Float(64, 64, 3, 3, strides=[576, 9, 3, 1], requires_grad=0, device=cpu),
      %model.23.cv2.1.1.conv.bias : Float(64, strides=[1], requires_grad=0, device=cpu),
      %model.23.cv2.1.2.weight : Float(64, 64, 1, 1, strides=[64, 1, 1, 1], requires_grad=0, device=cpu),
      %model.23.cv2.1.2.bias : Float(64, strides=[1], requires_grad=0, device=cpu),
      %model.23.cv2.2.0.conv.weight : Float(64, 512, 3, 3, strides=[4608, 9, 3, 1], requires_grad=0, device=cpu),
      %model.23.cv2.2.0.conv.bias : Float(64, strides=[1], requires_grad=0, device=cpu),
      %model.23.cv2.2.1.conv.weight : Float(64, 64, 3, 3, strides=[576, 9, 3, 1], requires_grad=0, device=cpu),
      %model.23.cv2.2.1.conv.bias : Float(64, strides=[1], requires_grad=0, device=cpu),
      %model.23.cv2.2.2.weight : Float(64, 64, 1, 1, strides=[64, 1, 1, 1], requires_grad=0, device=cpu),
      %model.23.cv2.2.2.bias : Float(64, strides=[1], requires_grad=0, device=cpu),
      %model.23.cv3.0.0.conv.weight : Float(128, 128, 3, 3, strides=[1152, 9, 3, 1], requires_grad=0, device=cpu),
      %model.23.cv3.0.0.conv.bias : Float(128, strides=[1], requires_grad=0, device=cpu),
      %model.23.cv3.0.1.conv.weight : Float(128, 128, 3, 3, strides=[1152, 9, 3, 1], requires_grad=0, device=cpu),
      %model.23.cv3.0.1.conv.bias : Float(128, strides=[1], requires_grad=0, device=cpu),
      %model.23.cv3.0.2.weight : Float(512, 128, 1, 1, strides=[128, 1, 1, 1], requires_grad=0, device=cpu),
      %model.23.cv3.0.2.bias : Float(512, strides=[1], requires_grad=0, device=cpu),
      %model.23.cv3.1.0.conv.weight : Float(128, 256, 3, 3, strides=[2304, 9, 3, 1], requires_grad=0, device=cpu),
      %model.23.cv3.1.0.conv.bias : Float(128, strides=[1], requires_grad=0, device=cpu),
      %model.23.cv3.1.1.conv.weight : Float(128, 128, 3, 3, strides=[1152, 9, 3, 1], requires_grad=0, device=cpu),
      %model.23.cv3.1.1.conv.bias : Float(128, strides=[1], requires_grad=0, device=cpu),
      %model.23.cv3.1.2.weight : Float(512, 128, 1, 1, strides=[128, 1, 1, 1], requires_grad=0, device=cpu),
      %model.23.cv3.1.2.bias : Float(512, strides=[1], requires_grad=0, device=cpu),
      %model.23.cv3.2.0.conv.weight : Float(128, 512, 3, 3, strides=[4608, 9, 3, 1], requires_grad=0, device=cpu),
      %model.23.cv3.2.0.conv.bias : Float(128, strides=[1], requires_grad=0, device=cpu),
      %model.23.cv3.2.1.conv.weight : Float(128, 128, 3, 3, strides=[1152, 9, 3, 1], requires_grad=0, device=cpu),
      %model.23.cv3.2.1.conv.bias : Float(128, strides=[1], requires_grad=0, device=cpu),
      %model.23.cv3.2.2.weight : Float(512, 128, 1, 1, strides=[128, 1, 1, 1], requires_grad=0, device=cpu),
      %model.23.cv3.2.2.bias : Float(512, strides=[1], requires_grad=0, device=cpu),
      %model.23.dfl.conv.weight : Float(1, 16, 1, 1, strides=[16, 1, 1, 1], requires_grad=0, device=cpu),
      %model.23.cv4.0.bias : Float(requires_grad=0, device=cpu),
      %model.23.cv4.0.logit_scale : Float(requires_grad=0, device=cpu),
      %model.23.cv4.1.bias : Float(requires_grad=0, device=cpu),
      %model.23.cv4.1.logit_scale : Float(requires_grad=0, device=cpu),
      %model.23.cv4.2.bias : Float(requires_grad=0, device=cpu),
      %model.23.cv4.2.logit_scale : Float(requires_grad=0, device=cpu)):
  %11168 : Float(1, 20, 512, strides=[10240, 512, 1], requires_grad=0, device=cpu) = prim::Constant[value=<Tensor>]()
  %11591 : Long(device=cpu) = prim::Constant[value={0}](), scope: ultralytics.nn.tasks.WorldModel::
  %8905 : Long(device=cpu) = aten::size(%x.1, %11591), scope: ultralytics.nn.tasks.WorldModel:: # C:\Users\juanp\source\repos\Toy-Vision\tools\toy_model_export\.venv\Lib\site-packages\ultralytics\nn\tasks.py:1015:0
  %11592 : Long(device=cpu) = prim::Constant[value={-1}](), scope: ultralytics.nn.tasks.WorldModel::
  %8919 : int[] = prim::ListConstruct(%8905, %11592, %11592), scope: ultralytics.nn.tasks.WorldModel::
  %11593 : Bool(device=cpu) = prim::Constant[value={0}](), scope: ultralytics.nn.tasks.WorldModel::
  %input.155 : Float(1, 20, 512, strides=[10240, 512, 1], requires_grad=0, device=cpu) = aten::expand(%11168, %8919, %11593), scope: ultralytics.nn.tasks.WorldModel:: # C:\Users\juanp\source\repos\Toy-Vision\tools\toy_model_export\.venv\Lib\site-packages\ultralytics\nn\tasks.py:1015:0
  %8922 : NoneType = prim::Constant(), scope: ultralytics.nn.tasks.WorldModel::
  %w.1 : Float(1, 20, 512, strides=[10240, 512, 1], requires_grad=0, device=cpu) = aten::clone(%input.155, %8922), scope: ultralytics.nn.tasks.WorldModel:: # C:\Users\juanp\source\repos\Toy-Vision\tools\toy_model_export\.venv\Lib\site-packages\ultralytics\nn\tasks.py:1016:0
  %11169 : int[] = prim::Constant[value=[2, 2]]()
  %11170 : int[] = prim::Constant[value=[1, 1]]()
  %11172 : int[] = prim::Constant[value=[0, 0]]()
  %11594 : Long(device=cpu) = prim::Constant[value={1}](), scope: ultralytics.nn.tasks.WorldModel::/ultralytics.nn.modules.conv.Conv::model.0/torch.nn.modules.conv.Conv2d::conv
  %11595 : Bool(device=cpu) = prim::Constant[value={1}](), scope: ultralytics.nn.tasks.WorldModel::/ultralytics.nn.modules.conv.Conv::model.0/torch.nn.modules.conv.Conv2d::conv
  %input.1 : Float(1, 32, 320, 320, strides=[3276800, 102400, 320, 1], requires_grad=0, device=cpu) = aten::_convolution(%x.1, %model.0.conv.weight, %model.0.conv.bias, %11169, %11170, %11170, %11593, %11172, %11594, %11593, %11593, %11595, %11595), scope: ultralytics.nn.tasks.WorldModel::/ultralytics.nn.modules.conv.Conv::model.0/torch.nn.modules.conv.Conv2d::conv # C:\Users\juanp\source\repos\Toy-Vision\tools\toy_model_export\.venv\Lib\site-packages\torch\nn\modules\conv.py:560:0
  %11532 : Float(1, 32, 320, 320, strides=[3276800, 102400, 320, 1], requires_grad=0, device=cpu) = aten::silu(%input.1), scope: ultralytics.nn.tasks.WorldModel::/ultralytics.nn.modules.conv.Conv::model.0/torch.nn.modules.activation.SiLU::act # C:\Users\juanp\source\repos\Toy-Vision\tools\toy_model_export\.venv\Lib\site-packages\torch\nn\functional.py:2396:0
  %input.5 : Float(1, 64, 160, 160, strides=[1638400, 25600, 160, 1], requires_grad=0, device=cpu) = aten::_convolution(%11532, %model.1.conv.weight, %model.1.conv.bias, %11169, %11170, %11170, %11593, %11172, %11594, %11593, %11593, %11595, %11595), scope: ultralytics.nn.tasks.WorldModel::/ultralytics.nn.modules.conv.Conv::model.1/torch.nn.modules.conv.Conv2d::conv # C:\Users\juanp\source\repos\Toy-Vision\tools\toy_model_export\.venv\Lib\site-packages\torch\nn\modules\conv.py:560:0
  %11533 : Float(1, 64, 160, 160, strides=[1638400, 25600, 160, 1], requires_grad=0, device=cpu) = aten::silu(%input.5), scope: ultralytics.nn.tasks.WorldModel::/ultralytics.nn.modules.conv.Conv::model.1/torch.nn.modules.activation.SiLU::act # C:\Users\juanp\source\repos\Toy-Vision\tools\toy_model_export\.venv\Lib\site-packages\torch\nn\functional.py:2396:0
  %input.9 : Float(1, 64, 160, 160, strides=[1638400, 25600, 160, 1], requires_grad=0, device=cpu) = aten::_convolution(%11533, %model.2.cv1.conv.weight, %model.2.cv1.conv.bias, %11170, %11172, %11170, %11593, %11172, %11594, %11593, %11593, %11595, %11595), scope: ultralytics.nn.tasks.WorldModel::/ultralytics.nn.modules.block.C2f::model.2/ultralytics.nn.modules.conv.Conv::cv1/torch.nn.modules.conv.Conv2d::conv # C:\Users\juanp\source\repos\Toy-Vision\tools\toy_model_export\.venv\Lib\site-packages\torch\nn\modules\conv.py:560:0
  %11534 : Float(1, 64, 160, 160, strides=[1638400, 25600, 160, 1], requires_grad=0, device=cpu) = aten::silu(%input.9), scope: ultralytics.nn.tasks.WorldModel::/ultralytics.nn.modules.block.C2f::model.2/ultralytics.nn.modules.conv.Conv::cv1/torch.nn.modules.activation.SiLU::act # C:\Users\juanp\source\repos\Toy-Vision\tools\toy_model_export\.venv\Lib\site-packages\torch\nn\functional.py:2396:0
  %11596 : Long(device=cpu) = prim::Constant[value={2}](), scope: ultralytics.nn.tasks.WorldModel::/ultralytics.nn.modules.block.C2f::model.2
  %11491 : Float(1, 32, 160, 160, strides=[1638400, 25600, 160, 1], requires_grad=0, device=cpu), %11492 : Float(1, 32, 160, 160, strides=[1638400, 25600, 160, 1], requires_grad=0, device=cpu) = prim::ConstantChunk[chunks=2, dim=1](%11534), scope: ultralytics.nn.tasks.WorldModel::/ultralytics.nn.modules.block.C2f::model.2 # C:\Users\juanp\source\repos\Toy-Vision\tools\toy_model_export\.venv\Lib\site-packages\ultralytics\nn\modules\block.py:310:0
  %input.13 : Float(1, 32, 160, 160, strides=[819200, 25600, 160, 1], requires_grad=0, device=cpu) = aten::_convolution(%11492, %model.2.m.0.cv1.conv.weight, %model.2.m.0.cv1.conv.bias, %11170, %11170, %11170, %11593, %11172, %11594, %11593, %11593, %11595, %11595), scope: ultralytics.nn.tasks.WorldModel::/ultralytics.nn.modules.block.C2f::model.2/ultralytics.nn.modules.block.Bottleneck::m.0/ultralytics.nn.modules.conv.Conv::cv1/torch.nn.modules.conv.Conv2d::conv # C:\Users\juanp\source\repos\Toy-Vision\tools\toy_model_export\.venv\Lib\site-packages\torch\nn\modules\conv.py:560:0
  %11535 : Float(1, 32, 160, 160, strides=[819200, 25600, 160, 1], requires_grad=0, device=cpu) = aten::silu(%input.13), scope: ultralytics.nn.tasks.WorldModel::/ultralytics.nn.modules.block.C2f::model.2/ultralytics.nn.modules.block.Bottleneck::m.0/ultralytics.nn.modules.conv.Conv::cv1/torch.nn.modules.activation.SiLU::act # C:\Users\juanp\source\repos\Toy-Vision\tools\toy_model_export\.venv\Lib\site-packages\torch\nn\functional.py:2396:0
  %input.17 : Float(1, 32, 160, 160, strides=[819200, 25600, 160, 1], requires_grad=0, device=cpu) = aten::_convolution(%11535, %model.2.m.0.cv2.conv.weight, %model.2.m.0.cv2.conv.bias, %11170, %11170, %11170, %11593, %11172, %11594, %11593, %11593, %11595, %11595), scope: ultralytics.nn.tasks.WorldModel::/ultralytics.nn.modules.block.C2f::model.2/ultralytics.nn.modules.block.Bottleneck::m.0/ultralytics.nn.modules.conv.Conv::cv2/torch.nn.modules.conv.Conv2d::conv # C:\Users\juanp\source\repos\Toy-Vision\tools\toy_model_export\.venv\Lib\site-packages\torch\nn\modules\conv.py:560:0
  %11536 : Float(1, 32, 160, 160, strides=[819200, 25600, 160, 1], requires_grad=0, device=cpu) = aten::silu(%input.17), scope: ultralytics.nn.tasks.WorldModel::/ultralytics.nn.modules.block.C2f::model.2/ultralytics.nn.modules.block.Bottleneck::m.0/ultralytics.nn.modules.conv.Conv::cv2/torch.nn.modules.activation.SiLU::act # C:\Users\juanp\source\repos\Toy-Vision\tools\toy_model_export\.venv\Lib\site-packages\torch\nn\functional.py:2396:0
  %9030 : Float(1, 32, 160, 160, strides=[819200, 25600, 160, 1], requires_grad=0, device=cpu) = aten::add(%11492, %11536, %11594), scope: ultralytics.nn.tasks.WorldModel::/ultralytics.nn.modules.block.C2f::model.2/ultralytics.nn.modules.block.Bottleneck::m.0 # C:\Users\juanp\source\repos\Toy-Vision\tools\toy_model_export\.venv\Lib\site-packages\ultralytics\nn\modules\block.py:481:0
  %9031 : Tensor[] = prim::ListConstruct(%11491, %11492, %9030), scope: ultralytics.nn.tasks.WorldModel::/ultralytics.nn.modules.block.C2f::model.2
  %input.19 : Float(1, 96, 160, 160, strides=[2457600, 25600, 160, 1], requires_grad=0, device=cpu) = aten::cat(%9031, %11594), scope: ultralytics.nn.tasks.WorldModel::/ultralytics.nn.modules.block.C2f::model.2 # C:\Users\juanp\source\repos\Toy-Vision\tools\toy_model_export\.venv\Lib\site-packages\ultralytics\nn\modules\block.py:312:0
  %input.21 : Float(1, 64, 160, 160, strides=[1638400, 25600, 160, 1], requires_grad=0, device=cpu) = aten::_convolution(%input.19, %model.2.cv2.conv.weight, %model.2.cv2.conv.bias, %11170, %11172, %11170, %11593, %11172, %11594, %11593, %11593, %11595, %11595), scope: ultralytics.nn.tasks.WorldModel::/ultralytics.nn.modules.block.C2f::model.2/ultralytics.nn.modules.conv.Conv::cv2/torch.nn.modules.conv.Conv2d::conv # C:\Users\juanp\source\repos\Toy-Vision\tools\toy_model_export\.venv\Lib\site-packages\torch\nn\modules\conv.py:560:0
  %11537 : Float(1, 64, 160, 160, strides=[1638400, 25600, 160, 1], requires_grad=0, device=cpu) = aten::silu(%input.21), scope: ultralytics.nn.tasks.WorldModel::/ultralytics.nn.modules.block.C2f::model.2/ultralytics.nn.modules.conv.Conv::cv2/torch.nn.modules.activation.SiLU::act # C:\Users\juanp\source\repos\Toy-Vision\tools\toy_model_export\.venv\Lib\site-packages\torch\nn\functional.py:2396:0
  %input.25 : Float(1, 128, 80, 80, strides=[819200, 6400, 80, 1], requires_grad=0, device=cpu) = aten::_convolution(%11537, %model.3.conv.weight, %model.3.conv.bias, %11169, %11170, %11170, %11593, %11172, %11594, %11593, %11593, %11595, %11595), scope: ultralytics.nn.tasks.WorldModel::/ultralytics.nn.modules.conv.Conv::model.3/torch.nn.modules.conv.Conv2d::conv # C:\Users\juanp\source\repos\Toy-Vision\tools\toy_model_export\.venv\Lib\site-packages\torch\nn\modules\conv.py:560:0
  %11538 : Float(1, 128, 80, 80, strides=[819200, 6400, 80, 1], requires_grad=0, device=cpu) = aten::silu(%input.25), scope: ultralytics.nn.tasks.WorldModel::/ultralytics.nn.modules.conv.Conv::model.3/torch.nn.modules.activation.SiLU::act # C:\Users\juanp\source\repos\Toy-Vision\tools\toy_model_export\.venv\Lib\site-packages\torch\nn\functional.py:2396:0
  %input.29 : Float(1, 128, 80, 80, strides=[819200, 6400, 80, 1], requires_grad=0, device=cpu) = aten::_convolution(%11538, %model.4.cv1.conv.weight, %model.4.cv1.conv.bias, %11170, %11172, %11170, %11593, %11172, %11594, %11593, %11593, %11595, %11595), scope: ultralytics.nn.tasks.WorldModel::/ultralytics.nn.modules.block.C2f::model.4/ultralytics.nn.modules.conv.Conv::cv1/torch.nn.modules.conv.Conv2d::conv # C:\Users\juanp\source\repos\Toy-Vision\tools\toy_model_export\.venv\Lib\site-packages\torch\nn\modules\conv.py:560:0
  %11539 : Float(1, 128, 80, 80, strides=[819200, 6400, 80, 1], requires_grad=0, device=cpu) = aten::silu(%input.29), scope: ultralytics.nn.tasks.WorldModel::/ultralytics.nn.modules.block.C2f::model.4/ultralytics.nn.modules.conv.Conv::cv1/torch.nn.modules.activation.SiLU::act # C:\Users\juanp\source\repos\Toy-Vision\tools\toy_model_export\.venv\Lib\site-packages\torch\nn\functional.py:2396:0
  %11493 : Float(1, 64, 80, 80, strides=[819200, 6400, 80, 1], requires_grad=0, device=cpu), %11494 : Float(1, 64, 80, 80, strides=[819200, 6400, 80, 1], requires_grad=0, device=cpu) = prim::ConstantChunk[chunks=2, dim=1](%11539), scope: ultralytics.nn.tasks.WorldModel::/ultralytics.nn.modules.block.C2f::model.4 # C:\Users\juanp\source\repos\Toy-Vision\tools\toy_model_export\.venv\Lib\site-packages\ultralytics\nn\modules\block.py:310:0
  %input.33 : Float(1, 64, 80, 80, strides=[409600, 6400, 80, 1], requires_grad=0, device=cpu) = aten::_convolution(%11494, %model.4.m.0.cv1.conv.weight, %model.4.m.0.cv1.conv.bias, %11170, %11170, %11170, %11593, %11172, %11594, %11593, %11593, %11595, %11595), scope: ultralytics.nn.tasks.WorldModel::/ultralytics.nn.modules.block.C2f::model.4/ultralytics.nn.modules.block.Bottleneck::m.0/ultralytics.nn.modules.conv.Conv::cv1/torch.nn.modules.conv.Conv2d::conv # C:\Users\juanp\source\repos\Toy-Vision\tools\toy_model_export\.venv\Lib\site-packages\torch\nn\modules\conv.py:560:0
  %11540 : Float(1, 64, 80, 80, strides=[409600, 6400, 80, 1], requires_grad=0, device=cpu) = aten::silu(%input.33), scope: ultralytics.nn.tasks.WorldModel::/ultralytics.nn.modules.block.C2f::model.4/ultralytics.nn.modules.block.Bottleneck::m.0/ultralytics.nn.modules.conv.Conv::cv1/torch.nn.modules.activation.SiLU::act # C:\Users\juanp\source\repos\Toy-Vision\tools\toy_model_export\.venv\Lib\site-packages\torch\nn\functional.py:2396:0
  %input.37 : Float(1, 64, 80, 80, strides=[409600, 6400, 80, 1], requires_grad=0, device=cpu) = aten::_convolution(%11540, %model.4.m.0.cv2.conv.weight, %model.4.m.0.cv2.conv.bias, %11170, %11170, %11170, %11593, %11172, %11594, %11593, %11593, %11595, %11595), scope: ultralytics.nn.tasks.WorldModel::/ultralytics.nn.modules.block.C2f::model.4/ultralytics.nn.modules.block.Bottleneck::m.0/ultralytics.nn.modules.conv.Conv::cv2/torch.nn.modules.conv.Conv2d::conv # C:\Users\juanp\source\repos\Toy-Vision\tools\toy_model_export\.venv\Lib\site-packages\torch\nn\modules\conv.py:560:0
  %11541 : Float(1, 64, 80, 80, strides=[409600, 6400, 80, 1], requires_grad=0, device=cpu) = aten::silu(%input.37), scope: ultralytics.nn.tasks.WorldModel::/ultralytics.nn.modules.block.C2f::model.4/ultralytics.nn.modules.block.Bottleneck::m.0/ultralytics.nn.modules.conv.Conv::cv2/torch.nn.modules.activation.SiLU::act # C:\Users\juanp\source\repos\Toy-Vision\tools\toy_model_export\.venv\Lib\site-packages\torch\nn\functional.py:2396:0
  %input.39 : Float(1, 64, 80, 80, strides=[409600, 6400, 80, 1], requires_grad=0, device=cpu) = aten::add(%11494, %11541, %11594), scope: ultralytics.nn.tasks.WorldModel::/ultralytics.nn.modules.block.C2f::model.4/ultralytics.nn.modules.block.Bottleneck::m.0 # C:\Users\juanp\source\repos\Toy-Vision\tools\toy_model_export\.venv\Lib\site-packages\ultralytics\nn\modules\block.py:481:0
  %input.41 : Float(1, 64, 80, 80, strides=[409600, 6400, 80, 1], requires_grad=0, device=cpu) = aten::_convolution(%input.39, %model.4.m.1.cv1.conv.weight, %model.4.m.1.cv1.conv.bias, %11170, %11170, %11170, %11593, %11172, %11594, %11593, %11593, %11595, %11595), scope: ultralytics.nn.tasks.WorldModel::/ultralytics.nn.modules.block.C2f::model.4/ultralytics.nn.modules.block.Bottleneck::m.1/ultralytics.nn.modules.conv.Conv::cv1/torch.nn.modules.conv.Conv2d::conv # C:\Users\juanp\source\repos\Toy-Vision\tools\toy_model_export\.venv\Lib\site-packages\torch\nn\modules\conv.py:560:0
  %11542 : Float(1, 64, 80, 80, strides=[409600, 6400, 80, 1], requires_grad=0, device=cpu) = aten::silu(%input.41), scope: ultralytics.nn.tasks.WorldModel::/ultralytics.nn.modules.block.C2f::model.4/ultralytics.nn.modules.block.Bottleneck::m.1/ultralytics.nn.modules.conv.Conv::cv1/torch.nn.modules.activation.SiLU::act # C:\Users\juanp\source\repos\Toy-Vision\tools\toy_model_export\.venv\Lib\site-packages\torch\nn\functional.py:2396:0
  %input.45 : Float(1, 64, 80, 80, strides=[409600, 6400, 80, 1], requires_grad=0, device=cpu) = aten::_convolution(%11542, %model.4.m.1.cv2.conv.weight, %model.4.m.1.cv2.conv.bias, %11170, %11170, %11170, %11593, %11172, %11594, %11593, %11593, %11595, %11595), scope: ultralytics.nn.tasks.WorldModel::/ultralytics.nn.modules.block.C2f::model.4/ultralytics.nn.modules.block.Bottleneck::m.1/ultralytics.nn.modules.conv.Conv::cv2/torch.nn.modules.conv.Conv2d::conv # C:\Users\juanp\source\repos\Toy-Vision\tools\toy_model_export\.venv\Lib\site-packages\torch\nn\modules\conv.py:560:0
  %11543 : Float(1, 64, 80, 80, strides=[409600, 6400, 80, 1], requires_grad=0, device=cpu) = aten::silu(%input.45), scope: ultralytics.nn.tasks.WorldModel::/ultralytics.nn.modules.block.C2f::model.4/ultralytics.nn.modules.block.Bottleneck::m.1/ultralytics.nn.modules.conv.Conv::cv2/torch.nn.modules.activation.SiLU::act # C:\Users\juanp\source\repos\Toy-Vision\tools\toy_model_export\.venv\Lib\site-packages\torch\nn\functional.py:2396:0
  %9182 : Float(1, 64, 80, 80, strides=[409600, 6400, 80, 1], requires_grad=0, device=cpu) = aten::add(%input.39, %11543, %11594), scope: ultralytics.nn.tasks.WorldModel::/ultralytics.nn.modules.block.C2f::model.4/ultralytics.nn.modules.block.Bottleneck::m.1 # C:\Users\juanp\source\repos\Toy-Vision\tools\toy_model_export\.venv\Lib\site-packages\ultralytics\nn\modules\block.py:481:0
  %9183 : Tensor[] = prim::ListConstruct(%11493, %11494, %input.39, %9182), scope: ultralytics.nn.tasks.WorldModel::/ultralytics.nn.modules.block.C2f::model.4
  %input.47 : Float(1, 256, 80, 80, strides=[1638400, 6400, 80, 1], requires_grad=0, device=cpu) = aten::cat(%9183, %11594), scope: ultralytics.nn.tasks.WorldModel::/ultralytics.nn.modules.block.C2f::model.4 # C:\Users\juanp\source\repos\Toy-Vision\tools\toy_model_export\.venv\Lib\site-packages\ultralytics\nn\modules\block.py:312:0
  %input.49 : Float(1, 128, 80, 80, strides=[819200, 6400, 80, 1], requires_grad=0, device=cpu) = aten::_convolution(%input.47, %model.4.cv2.conv.weight, %model.4.cv2.conv.bias, %11170, %11172, %11170, %11593, %11172, %11594, %11593, %11593, %11595, %11595), scope: ultralytics.nn.tasks.WorldModel::/ultralytics.nn.modules.block.C2f::model.4/ultralytics.nn.modules.conv.Conv::cv2/torch.nn.modules.conv.Conv2d::conv # C:\Users\juanp\source\repos\Toy-Vision\tools\toy_model_export\.venv\Lib\site-packages\torch\nn\modules\conv.py:560:0
  %11544 : Float(1, 128, 80, 80, strides=[819200, 6400, 80, 1], requires_grad=0, device=cpu) = aten::silu(%input.49), scope: ultralytics.nn.tasks.WorldModel::/ultralytics.nn.modules.block.C2f::model.4/ultralytics.nn.modules.conv.Conv::cv2/torch.nn.modules.activation.SiLU::act # C:\Users\juanp\source\repos\Toy-Vision\tools\toy_model_export\.venv\Lib\site-packages\torch\nn\functional.py:2396:0
  %input.53 : Float(1, 256, 40, 40, strides=[409600, 1600, 40, 1], requires_grad=0, device=cpu) = aten::_convolution(%11544, %model.5.conv.weight, %model.5.conv.bias, %11169, %11170, %11170, %11593, %11172, %11594, %11593, %11593, %11595, %11595), scope: ultralytics.nn.tasks.WorldModel::/ultralytics.nn.modules.conv.Conv::model.5/torch.nn.modules.conv.Conv2d::conv # C:\Users\juanp\source\repos\Toy-Vision\tools\toy_model_export\.venv\Lib\site-packages\torch\nn\modules\conv.py:560:0
  %11545 : Float(1, 256, 40, 40, strides=[409600, 1600, 40, 1], requires_grad=0, device=cpu) = aten::silu(%input.53), scope: ultralytics.nn.tasks.WorldModel::/ultralytics.nn.modules.conv.Conv::model.5/torch.nn.modules.activation.SiLU::act # C:\Users\juanp\source\repos\Toy-Vision\tools\toy_model_export\.venv\Lib\site-packages\torch\nn\functional.py:2396:0
  %input.57 : Float(1, 256, 40, 40, strides=[409600, 1600, 40, 1], requires_grad=0, device=cpu) = aten::_convolution(%11545, %model.6.cv1.conv.weight, %model.6.cv1.conv.bias, %11170, %11172, %11170, %11593, %11172, %11594, %11593, %11593, %11595, %11595), scope: ultralytics.nn.tasks.WorldModel::/ultralytics.nn.modules.block.C2f::model.6/ultralytics.nn.modules.conv.Conv::cv1/torch.nn.modules.conv.Conv2d::conv # C:\Users\juanp\source\repos\Toy-Vision\tools\toy_model_export\.venv\Lib\site-packages\torch\nn\modules\conv.py:560:0
  %11546 : Float(1, 256, 40, 40, strides=[409600, 1600, 40, 1], requires_grad=0, device=cpu) = aten::silu(%input.57), scope: ultralytics.nn.tasks.WorldModel::/ultralytics.nn.modules.block.C2f::model.6/ultralytics.nn.modules.conv.Conv::cv1/torch.nn.modules.activation.SiLU::act # C:\Users\juanp\source\repos\Toy-Vision\tools\toy_model_export\.venv\Lib\site-packages\torch\nn\functional.py:2396:0
  %11495 : Float(1, 128, 40, 40, strides=[409600, 1600, 40, 1], requires_grad=0, device=cpu), %11496 : Float(1, 128, 40, 40, strides=[409600, 1600, 40, 1], requires_grad=0, device=cpu) = prim::ConstantChunk[chunks=2, dim=1](%11546), scope: ultralytics.nn.tasks.WorldModel::/ultralytics.nn.modules.block.C2f::model.6 # C:\Users\juanp\source\repos\Toy-Vision\tools\toy_model_export\.venv\Lib\site-packages\ultralytics\nn\modules\block.py:310:0
  %input.61 : Float(1, 128, 40, 40, strides=[204800, 1600, 40, 1], requires_grad=0, device=cpu) = aten::_convolution(%11496, %model.6.m.0.cv1.conv.weight, %model.6.m.0.cv1.conv.bias, %11170, %11170, %11170, %11593, %11172, %11594, %11593, %11593, %11595, %11595), scope: ultralytics.nn.tasks.WorldModel::/ultralytics.nn.modules.block.C2f::model.6/ultralytics.nn.modules.block.Bottleneck::m.0/ultralytics.nn.modules.conv.Conv::cv1/torch.nn.modules.conv.Conv2d::conv # C:\Users\juanp\source\repos\Toy-Vision\tools\toy_model_export\.venv\Lib\site-packages\torch\nn\modules\conv.py:560:0
  %11547 : Float(1, 128, 40, 40, strides=[204800, 1600, 40, 1], requires_grad=0, device=cpu) = aten::silu(%input.61), scope: ultralytics.nn.tasks.WorldModel::/ultralytics.nn.modules.block.C2f::model.6/ultralytics.nn.modules.block.Bottleneck::m.0/ultralytics.nn.modules.conv.Conv::cv1/torch.nn.modules.activation.SiLU::act # C:\Users\juanp\source\repos\Toy-Vision\tools\toy_model_export\.venv\Lib\site-packages\torch\nn\functional.py:2396:0
  %input.65 : Float(1, 128, 40, 40, strides=[204800, 1600, 40, 1], requires_grad=0, device=cpu) = aten::_convolution(%11547, %model.6.m.0.cv2.conv.weight, %model.6.m.0.cv2.conv.bias, %11170, %11170, %11170, %11593, %11172, %11594, %11593, %11593, %11595, %11595), scope: ultralytics.nn.tasks.WorldModel::/ultralytics.nn.modules.block.C2f::model.6/ultralytics.nn.modules.block.Bottleneck::m.0/ultralytics.nn.modules.conv.Conv::cv2/torch.nn.modules.conv.Conv2d::conv # C:\Users\juanp\source\repos\Toy-Vision\tools\toy_model_export\.venv\Lib\site-packages\torch\nn\modules\conv.py:560:0
  %11548 : Float(1, 128, 40, 40, strides=[204800, 1600, 40, 1], requires_grad=0, device=cpu) = aten::silu(%input.65), scope: ultralytics.nn.tasks.WorldModel::/ultralytics.nn.modules.block.C2f::model.6/ultralytics.nn.modules.block.Bottleneck::m.0/ultralytics.nn.modules.conv.Conv::cv2/torch.nn.modules.activation.SiLU::act # C:\Users\juanp\source\repos\Toy-Vision\tools\toy_model_export\.venv\Lib\site-packages\torch\nn\functional.py:2396:0
  %input.67 : Float(1, 128, 40, 40, strides=[204800, 1600, 40, 1], requires_grad=0, device=cpu) = aten::add(%11496, %11548, %11594), scope: ultralytics.nn.tasks.WorldModel::/ultralytics.nn.modules.block.C2f::model.6/ultralytics.nn.modules.block.Bottleneck::m.0 # C:\Users\juanp\source\repos\Toy-Vision\tools\toy_model_export\.venv\Lib\site-packages\ultralytics\nn\modules\block.py:481:0
  %input.69 : Float(1, 128, 40, 40, strides=[204800, 1600, 40, 1], requires_grad=0, device=cpu) = aten::_convolution(%input.67, %model.6.m.1.cv1.conv.weight, %model.6.m.1.cv1.conv.bias, %11170, %11170, %11170, %11593, %11172, %11594, %11593, %11593, %11595, %11595), scope: ultralytics.nn.tasks.WorldModel::/ultralytics.nn.modules.block.C2f::model.6/ultralytics.nn.modules.block.Bottleneck::m.1/ultralytics.nn.modules.conv.Conv::cv1/torch.nn.modules.conv.Conv2d::conv # C:\Users\juanp\source\repos\Toy-Vision\tools\toy_model_export\.venv\Lib\site-packages\torch\nn\modules\conv.py:560:0
  %11549 : Float(1, 128, 40, 40, strides=[204800, 1600, 40, 1], requires_grad=0, device=cpu) = aten::silu(%input.69), scope: ultralytics.nn.tasks.WorldModel::/ultralytics.nn.modules.block.C2f::model.6/ultralytics.nn.modules.block.Bottleneck::m.1/ultralytics.nn.modules.conv.Conv::cv1/torch.nn.modules.activation.SiLU::act # C:\Users\juanp\source\repos\Toy-Vision\tools\toy_model_export\.venv\Lib\site-packages\torch\nn\functional.py:2396:0
  %input.73 : Float(1, 128, 40, 40, strides=[204800, 1600, 40, 1], requires_grad=0, device=cpu) = aten::_convolution(%11549, %model.6.m.1.cv2.conv.weight, %model.6.m.1.cv2.conv.bias, %11170, %11170, %11170, %11593, %11172, %11594, %11593, %11593, %11595, %11595), scope: ultralytics.nn.tasks.WorldModel::/ultralytics.nn.modules.block.C2f::model.6/ultralytics.nn.modules.block.Bottleneck::m.1/ultralytics.nn.modules.conv.Conv::cv2/torch.nn.modules.conv.Conv2d::conv # C:\Users\juanp\source\repos\Toy-Vision\tools\toy_model_export\.venv\Lib\site-packages\torch\nn\modules\conv.py:560:0
  %11550 : Float(1, 128, 40, 40, strides=[204800, 1600, 40, 1], requires_grad=0, device=cpu) = aten::silu(%input.73), scope: ultralytics.nn.tasks.WorldModel::/ultralytics.nn.modules.block.C2f::model.6/ultralytics.nn.modules.block.Bottleneck::m.1/ultralytics.nn.modules.conv.Conv::cv2/torch.nn.modules.activation.SiLU::act # C:\Users\juanp\source\repos\Toy-Vision\tools\toy_model_export\.venv\Lib\site-packages\torch\nn\functional.py:2396:0
  %9334 : Float(1, 128, 40, 40, strides=[204800, 1600, 40, 1], requires_grad=0, device=cpu) = aten::add(%input.67, %11550, %11594), scope: ultralytics.nn.tasks.WorldModel::/ultralytics.nn.modules.block.C2f::model.6/ultralytics.nn.modules.block.Bottleneck::m.1 # C:\Users\juanp\source\repos\Toy-Vision\tools\toy_model_export\.venv\Lib\site-packages\ultralytics\nn\modules\block.py:481:0
  %9335 : Tensor[] = prim::ListConstruct(%11495, %11496, %input.67, %9334), scope: ultralytics.nn.tasks.WorldModel::/ultralytics.nn.modules.block.C2f::model.6
  %input.75 : Float(1, 512, 40, 40, strides=[819200, 1600, 40, 1], requires_grad=0, device=cpu) = aten::cat(%9335, %11594), scope: ultralytics.nn.tasks.WorldModel::/ultralytics.nn.modules.block.C2f::model.6 # C:\Users\juanp\source\repos\Toy-Vision\tools\toy_model_export\.venv\Lib\site-packages\ultralytics\nn\modules\block.py:312:0
  %input.77 : Float(1, 256, 40, 40, strides=[409600, 1600, 40, 1], requires_grad=0, device=cpu) = aten::_convolution(%input.75, %model.6.cv2.conv.weight, %model.6.cv2.conv.bias, %11170, %11172, %11170, %11593, %11172, %11594, %11593, %11593, %11595, %11595), scope: ultralytics.nn.tasks.WorldModel::/ultralytics.nn.modules.block.C2f::model.6/ultralytics.nn.modules.conv.Conv::cv2/torch.nn.modules.conv.Conv2d::conv # C:\Users\juanp\source\repos\Toy-Vision\tools\toy_model_export\.venv\Lib\site-packages\torch\nn\modules\conv.py:560:0
  %11551 : Float(1, 256, 40, 40, strides=[409600, 1600, 40, 1], requires_grad=0, device=cpu) = aten::silu(%input.77), scope: ultralytics.nn.tasks.WorldModel::/ultralytics.nn.modules.block.C2f::model.6/ultralytics.nn.modules.conv.Conv::cv2/torch.nn.modules.activation.SiLU::act # C:\Users\juanp\source\repos\Toy-Vision\tools\toy_model_export\.venv\Lib\site-packages\torch\nn\functional.py:2396:0
  %input.81 : Float(1, 512, 20, 20, strides=[204800, 400, 20, 1], requires_grad=0, device=cpu) = aten::_convolution(%11551, %model.7.conv.weight, %model.7.conv.bias, %11169, %11170, %11170, %11593, %11172, %11594, %11593, %11593, %11595, %11595), scope: ultralytics.nn.tasks.WorldModel::/ultralytics.nn.modules.conv.Conv::model.7/torch.nn.modules.conv.Conv2d::conv # C:\Users\juanp\source\repos\Toy-Vision\tools\toy_model_export\.venv\Lib\site-packages\torch\nn\modules\conv.py:560:0
  %11552 : Float(1, 512, 20, 20, strides=[204800, 400, 20, 1], requires_grad=0, device=cpu) = aten::silu(%input.81), scope: ultralytics.nn.tasks.WorldModel::/ultralytics.nn.modules.conv.Conv::model.7/torch.nn.modules.activation.SiLU::act # C:\Users\juanp\source\repos\Toy-Vision\tools\toy_model_export\.venv\Lib\site-packages\torch\nn\functional.py:2396:0
  %input.85 : Float(1, 512, 20, 20, strides=[204800, 400, 20, 1], requires_grad=0, device=cpu) = aten::_convolution(%11552, %model.8.cv1.conv.weight, %model.8.cv1.conv.bias, %11170, %11172, %11170, %11593, %11172, %11594, %11593, %11593, %11595, %11595), scope: ultralytics.nn.tasks.WorldModel::/ultralytics.nn.modules.block.C2f::model.8/ultralytics.nn.modules.conv.Conv::cv1/torch.nn.modules.conv.Conv2d::conv # C:\Users\juanp\source\repos\Toy-Vision\tools\toy_model_export\.venv\Lib\site-packages\torch\nn\modules\conv.py:560:0
  %11553 : Float(1, 512, 20, 20, strides=[204800, 400, 20, 1], requires_grad=0, device=cpu) = aten::silu(%input.85), scope: ultralytics.nn.tasks.WorldModel::/ultralytics.nn.modules.block.C2f::model.8/ultralytics.nn.modules.conv.Conv::cv1/torch.nn.modules.activation.SiLU::act # C:\Users\juanp\source\repos\Toy-Vision\tools\toy_model_export\.venv\Lib\site-packages\torch\nn\functional.py:2396:0
  %11497 : Float(1, 256, 20, 20, strides=[204800, 400, 20, 1], requires_grad=0, device=cpu), %11498 : Float(1, 256, 20, 20, strides=[204800, 400, 20, 1], requires_grad=0, device=cpu) = prim::ConstantChunk[chunks=2, dim=1](%11553), scope: ultralytics.nn.tasks.WorldModel::/ultralytics.nn.modules.block.C2f::model.8 # C:\Users\juanp\source\repos\Toy-Vision\tools\toy_model_export\.venv\Lib\site-packages\ultralytics\nn\modules\block.py:310:0
  %input.89 : Float(1, 256, 20, 20, strides=[102400, 400, 20, 1], requires_grad=0, device=cpu) = aten::_convolution(%11498, %model.8.m.0.cv1.conv.weight, %model.8.m.0.cv1.conv.bias, %11170, %11170, %11170, %11593, %11172, %11594, %11593, %11593, %11595, %11595), scope: ultralytics.nn.tasks.WorldModel::/ultralytics.nn.modules.block.C2f::model.8/ultralytics.nn.modules.block.Bottleneck::m.0/ultralytics.nn.modules.conv.Conv::cv1/torch.nn.modules.conv.Conv2d::conv # C:\Users\juanp\source\repos\Toy-Vision\tools\toy_model_export\.venv\Lib\site-packages\torch\nn\modules\conv.py:560:0
  %11554 : Float(1, 256, 20, 20, strides=[102400, 400, 20, 1], requires_grad=0, device=cpu) = aten::silu(%input.89), scope: ultralytics.nn.tasks.WorldModel::/ultralytics.nn.modules.block.C2f::model.8/ultralytics.nn.modules.block.Bottleneck::m.0/ultralytics.nn.modules.conv.Conv::cv1/torch.nn.modules.activation.SiLU::act # C:\Users\juanp\source\repos\Toy-Vision\tools\toy_model_export\.venv\Lib\site-packages\torch\nn\functional.py:2396:0
  %input.93 : Float(1, 256, 20, 20, strides=[102400, 400, 20, 1], requires_grad=0, device=cpu) = aten::_convolution(%11554, %model.8.m.0.cv2.conv.weight, %model.8.m.0.cv2.conv.bias, %11170, %11170, %11170, %11593, %11172, %11594, %11593, %11593, %11595, %11595), scope: ultralytics.nn.tasks.WorldModel::/ultralytics.nn.modules.block.C2f::model.8/ultralytics.nn.modules.block.Bottleneck::m.0/ultralytics.nn.modules.conv.Conv::cv2/torch.nn.modules.conv.Conv2d::conv # C:\Users\juanp\source\repos\Toy-Vision\tools\toy_model_export\.venv\Lib\site-packages\torch\nn\modules\conv.py:560:0
  %11555 : Float(1, 256, 20, 20, strides=[102400, 400, 20, 1], requires_grad=0, device=cpu) = aten::silu(%input.93), scope: ultralytics.nn.tasks.WorldModel::/ultralytics.nn.modules.block.C2f::model.8/ultralytics.nn.modules.block.Bottleneck::m.0/ultralytics.nn.modules.conv.Conv::cv2/torch.nn.modules.activation.SiLU::act # C:\Users\juanp\source\repos\Toy-Vision\tools\toy_model_export\.venv\Lib\site-packages\torch\nn\functional.py:2396:0
  %9444 : Float(1, 256, 20, 20, strides=[102400, 400, 20, 1], requires_grad=0, device=cpu) = aten::add(%11498, %11555, %11594), scope: ultralytics.nn.tasks.WorldModel::/ultralytics.nn.modules.block.C2f::model.8/ultralytics.nn.modules.block.Bottleneck::m.0 # C:\Users\juanp\source\repos\Toy-Vision\tools\toy_model_export\.venv\Lib\site-packages\ultralytics\nn\modules\block.py:481:0
  %9445 : Tensor[] = prim::ListConstruct(%11497, %11498, %9444), scope: ultralytics.nn.tasks.WorldModel::/ultralytics.nn.modules.block.C2f::model.8
  %input.95 : Float(1, 768, 20, 20, strides=[307200, 400, 20, 1], requires_grad=0, device=cpu) = aten::cat(%9445, %11594), scope: ultralytics.nn.tasks.WorldModel::/ultralytics.nn.modules.block.C2f::model.8 # C:\Users\juanp\source\repos\Toy-Vision\tools\toy_model_export\.venv\Lib\site-packages\ultralytics\nn\modules\block.py:312:0
  %input.97 : Float(1, 512, 20, 20, strides=[204800, 400, 20, 1], requires_grad=0, device=cpu) = aten::_convolution(%input.95, %model.8.cv2.conv.weight, %model.8.cv2.conv.bias, %11170, %11172, %11170, %11593, %11172, %11594, %11593, %11593, %11595, %11595), scope: ultralytics.nn.tasks.WorldModel::/ultralytics.nn.modules.block.C2f::model.8/ultralytics.nn.modules.conv.Conv::cv2/torch.nn.modules.conv.Conv2d::conv # C:\Users\juanp\source\repos\Toy-Vision\tools\toy_model_export\.venv\Lib\site-packages\torch\nn\modules\conv.py:560:0
  %11556 : Float(1, 512, 20, 20, strides=[204800, 400, 20, 1], requires_grad=0, device=cpu) = aten::silu(%input.97), scope: ultralytics.nn.tasks.WorldModel::/ultralytics.nn.modules.block.C2f::model.8/ultralytics.nn.modules.conv.Conv::cv2/torch.nn.modules.activation.SiLU::act # C:\Users\juanp\source\repos\Toy-Vision\tools\toy_model_export\.venv\Lib\site-packages\torch\nn\functional.py:2396:0
  %input.101 : Float(1, 256, 20, 20, strides=[102400, 400, 20, 1], requires_grad=0, device=cpu) = aten::_convolution(%11556, %model.9.cv1.conv.weight, %model.9.cv1.conv.bias, %11170, %11172, %11170, %11593, %11172, %11594, %11593, %11593, %11595, %11595), scope: ultralytics.nn.tasks.WorldModel::/ultralytics.nn.modules.block.SPPF::model.9/ultralytics.nn.modules.conv.Conv::cv1/torch.nn.modules.conv.Conv2d::conv # C:\Users\juanp\source\repos\Toy-Vision\tools\toy_model_export\.venv\Lib\site-packages\torch\nn\modules\conv.py:560:0
  %11557 : Float(1, 256, 20, 20, strides=[102400, 400, 20, 1], requires_grad=0, device=cpu) = aten::silu(%input.101), scope: ultralytics.nn.tasks.WorldModel::/ultralytics.nn.modules.block.SPPF::model.9/ultralytics.nn.modules.conv.Conv::cv1/torch.nn.modules.activation.SiLU::act # C:\Users\juanp\source\repos\Toy-Vision\tools\toy_model_export\.venv\Lib\site-packages\torch\nn\functional.py:2396:0
  %11273 : int[] = prim::Constant[value=[5, 5]]()
  %9501 : Float(1, 256, 20, 20, strides=[102400, 400, 20, 1], requires_grad=0, device=cpu) = aten::max_pool2d(%11557, %11273, %11170, %11169, %11170, %11593), scope: ultralytics.nn.tasks.WorldModel::/ultralytics.nn.modules.block.SPPF::model.9/torch.nn.modules.pooling.MaxPool2d::m # C:\Users\juanp\source\repos\Toy-Vision\tools\toy_model_export\.venv\Lib\site-packages\torch\nn\functional.py:835:0
  %9515 : Float(1, 256, 20, 20, strides=[102400, 400, 20, 1], requires_grad=0, device=cpu) = aten::max_pool2d(%9501, %11273, %11170, %11169, %11170, %11593), scope: ultralytics.nn.tasks.WorldModel::/ultralytics.nn.modules.block.SPPF::model.9/torch.nn.modules.pooling.MaxPool2d::m # C:\Users\juanp\source\repos\Toy-Vision\tools\toy_model_export\.venv\Lib\site-packages\torch\nn\functional.py:835:0
  %9529 : Float(1, 256, 20, 20, strides=[102400, 400, 20, 1], requires_grad=0, device=cpu) = aten::max_pool2d(%9515, %11273, %11170, %11169, %11170, %11593), scope: ultralytics.nn.tasks.WorldModel::/ultralytics.nn.modules.block.SPPF::model.9/torch.nn.modules.pooling.MaxPool2d::m # C:\Users\juanp\source\repos\Toy-Vision\tools\toy_model_export\.venv\Lib\site-packages\torch\nn\functional.py:835:0
  %9530 : Tensor[] = prim::ListConstruct(%11557, %9501, %9515, %9529), scope: ultralytics.nn.tasks.WorldModel::/ultralytics.nn.modules.block.SPPF::model.9
  %input.103 : Float(1, 1024, 20, 20, strides=[409600, 400, 20, 1], requires_grad=0, device=cpu) = aten::cat(%9530, %11594), scope: ultralytics.nn.tasks.WorldModel::/ultralytics.nn.modules.block.SPPF::model.9 # C:\Users\juanp\source\repos\Toy-Vision\tools\toy_model_export\.venv\Lib\site-packages\ultralytics\nn\modules\block.py:236:0
  %input.105 : Float(1, 512, 20, 20, strides=[204800, 400, 20, 1], requires_grad=0, device=cpu) = aten::_convolution(%input.103, %model.9.cv2.conv.weight, %model.9.cv2.conv.bias, %11170, %11172, %11170, %11593, %11172, %11594, %11593, %11593, %11595, %11595), scope: ultralytics.nn.tasks.WorldModel::/ultralytics.nn.modules.block.SPPF::model.9/ultralytics.nn.modules.conv.Conv::cv2/torch.nn.modules.conv.Conv2d::conv # C:\Users\juanp\source\repos\Toy-Vision\tools\toy_model_export\.venv\Lib\site-packages\torch\nn\modules\conv.py:560:0
  %11558 : Float(1, 512, 20, 20, strides=[204800, 400, 20, 1], requires_grad=0, device=cpu) = aten::silu(%input.105), scope: ultralytics.nn.tasks.WorldModel::/ultralytics.nn.modules.block.SPPF::model.9/ultralytics.nn.modules.conv.Conv::cv2/torch.nn.modules.activation.SiLU::act # C:\Users\juanp\source\repos\Toy-Vision\tools\toy_model_export\.venv\Lib\site-packages\torch\nn\functional.py:2396:0
  %11289 : float[] = prim::Constant[value=[2., 2.]]()
  %9557 : Float(1, 512, 40, 40, strides=[819200, 1600, 40, 1], requires_grad=0, device=cpu) = aten::upsample_nearest2d(%11558, %8922, %11289), scope: ultralytics.nn.tasks.WorldModel::/torch.nn.modules.upsampling.Upsample::model.10 # C:\Users\juanp\source\repos\Toy-Vision\tools\toy_model_export\.venv\Lib\site-packages\torch\nn\functional.py:4827:0
  %9558 : Tensor[] = prim::ListConstruct(%9557, %11551), scope: ultralytics.nn.tasks.WorldModel::/ultralytics.nn.modules.conv.Concat::model.11
  %input.109 : Float(1, 768, 40, 40, strides=[1228800, 1600, 40, 1], requires_grad=0, device=cpu) = aten::cat(%9558, %11594), scope: ultralytics.nn.tasks.WorldModel::/ultralytics.nn.modules.conv.Concat::model.11 # C:\Users\juanp\source\repos\Toy-Vision\tools\toy_model_export\.venv\Lib\site-packages\ultralytics\nn\modules\conv.py:641:0
  %input.111 : Float(1, 256, 40, 40, strides=[409600, 1600, 40, 1], requires_grad=0, device=cpu) = aten::_convolution(%input.109, %model.12.cv1.conv.weight, %model.12.cv1.conv.bias, %11170, %11172, %11170, %11593, %11172, %11594, %11593, %11593, %11595, %11595), scope: ultralytics.nn.tasks.WorldModel::/ultralytics.nn.modules.block.C2fAttn::model.12/ultralytics.nn.modules.conv.Conv::cv1/torch.nn.modules.conv.Conv2d::conv # C:\Users\juanp\source\repos\Toy-Vision\tools\toy_model_export\.venv\Lib\site-packages\torch\nn\modules\conv.py:560:0
  %11559 : Float(1, 256, 40, 40, strides=[409600, 1600, 40, 1], requires_grad=0, device=cpu) = aten::silu(%input.111), scope: ultralytics.nn.tasks.WorldModel::/ultralytics.nn.modules.block.C2fAttn::model.12/ultralytics.nn.modules.conv.Conv::cv1/torch.nn.modules.activation.SiLU::act # C:\Users\juanp\source\repos\Toy-Vision\tools\toy_model_export\.venv\Lib\site-packages\torch\nn\functional.py:2396:0
  %11499 : Float(1, 128, 40, 40, strides=[409600, 1600, 40, 1], requires_grad=0, device=cpu), %11500 : Float(1, 128, 40, 40, strides=[409600, 1600, 40, 1], requires_grad=0, device=cpu) = prim::ConstantChunk[chunks=2, dim=1](%11559), scope: ultralytics.nn.tasks.WorldModel::/ultralytics.nn.modules.block.C2fAttn::model.12 # C:\Users\juanp\source\repos\Toy-Vision\tools\toy_model_export\.venv\Lib\site-packages\ultralytics\nn\modules\block.py:667:0
  %input.115 : Float(1, 128, 40, 40, strides=[204800, 1600, 40, 1], requires_grad=0, device=cpu) = aten::_convolution(%11500, %model.12.m.0.cv1.conv.weight, %model.12.m.0.cv1.conv.bias, %11170, %11170, %11170, %11593, %11172, %11594, %11593, %11593, %11595, %11595), scope: ultralytics.nn.tasks.WorldModel::/ultralytics.nn.modules.block.C2fAttn::model.12/ultralytics.nn.modules.block.Bottleneck::m.0/ultralytics.nn.modules.conv.Conv::cv1/torch.nn.modules.conv.Conv2d::conv # C:\Users\juanp\source\repos\Toy-Vision\tools\toy_model_export\.venv\Lib\site-packages\torch\nn\modules\conv.py:560:0
  %11560 : Float(1, 128, 40, 40, strides=[204800, 1600, 40, 1], requires_grad=0, device=cpu) = aten::silu(%input.115), scope: ultralytics.nn.tasks.WorldModel::/ultralytics.nn.modules.block.C2fAttn::model.12/ultralytics.nn.modules.block.Bottleneck::m.0/ultralytics.nn.modules.conv.Conv::cv1/torch.nn.modules.activation.SiLU::act # C:\Users\juanp\source\repos\Toy-Vision\tools\toy_model_export\.venv\Lib\site-packages\torch\nn\functional.py:2396:0
  %input.119 : Float(1, 128, 40, 40, strides=[204800, 1600, 40, 1], requires_grad=0, device=cpu) = aten::_convolution(%11560, %model.12.m.0.cv2.conv.weight, %model.12.m.0.cv2.conv.bias, %11170, %11170, %11170, %11593, %11172, %11594, %11593, %11593, %11595, %11595), scope: ultralytics.nn.tasks.WorldModel::/ultralytics.nn.modules.block.C2fAttn::model.12/ultralytics.nn.modules.block.Bottleneck::m.0/ultralytics.nn.modules.conv.Conv::cv2/torch.nn.modules.conv.Conv2d::conv # C:\Users\juanp\source\repos\Toy-Vision\tools\toy_model_export\.venv\Lib\site-packages\torch\nn\modules\conv.py:560:0
  %11585 : Float(1, 128, 40, 40, strides=[204800, 1600, 40, 1], requires_grad=0, device=cpu) = aten::silu(%input.119), scope: ultralytics.nn.tasks.WorldModel::/ultralytics.nn.modules.block.C2fAttn::model.12/ultralytics.nn.modules.block.Bottleneck::m.0/ultralytics.nn.modules.conv.Conv::cv2/torch.nn.modules.activation.SiLU::act # C:\Users\juanp\source\repos\Toy-Vision\tools\toy_model_export\.venv\Lib\site-packages\torch\nn\functional.py:2396:0
  %9627 : Long(device=cpu) = aten::size(%11585, %11591), scope: ultralytics.nn.tasks.WorldModel::/ultralytics.nn.modules.block.C2fAttn::model.12/ultralytics.nn.modules.block.MaxSigmoidAttnBlock::attn # C:\Users\juanp\source\repos\Toy-Vision\tools\toy_model_export\.venv\Lib\site-packages\ultralytics\nn\modules\block.py:603:0
  %9637 : Long(device=cpu) = aten::size(%11585, %11596), scope: ultralytics.nn.tasks.WorldModel::/ultralytics.nn.modules.block.C2fAttn::model.12/ultralytics.nn.modules.block.MaxSigmoidAttnBlock::attn # C:\Users\juanp\source\repos\Toy-Vision\tools\toy_model_export\.venv\Lib\site-packages\ultralytics\nn\modules\block.py:603:0
  %11597 : Long(device=cpu) = prim::Constant[value={3}](), scope: ultralytics.nn.tasks.WorldModel::/ultralytics.nn.modules.block.C2fAttn::model.12/ultralytics.nn.modules.block.MaxSigmoidAttnBlock::attn
  %9643 : Long(device=cpu) = aten::size(%11585, %11597), scope: ultralytics.nn.tasks.WorldModel::/ultralytics.nn.modules.block.C2fAttn::model.12/ultralytics.nn.modules.block.MaxSigmoidAttnBlock::attn # C:\Users\juanp\source\repos\Toy-Vision\tools\toy_model_export\.venv\Lib\site-packages\ultralytics\nn\modules\block.py:603:0
  %9648 : Float(1, 20, 128, strides=[2560, 128, 1], requires_grad=0, device=cpu) = aten::linear(%input.155, %model.12.attn.gl.weight, %model.12.attn.gl.bias), scope: ultralytics.nn.tasks.WorldModel::/ultralytics.nn.modules.block.C2fAttn::model.12/ultralytics.nn.modules.block.MaxSigmoidAttnBlock::attn/torch.nn.modules.linear.Linear::gl # C:\Users\juanp\source\repos\Toy-Vision\tools\toy_model_export\.venv\Lib\site-packages\torch\nn\modules\linear.py:134:0
  %9653 : Long(device=cpu) = aten::size(%9648, %11594), scope: ultralytics.nn.tasks.WorldModel::/ultralytics.nn.modules.block.C2fAttn::model.12/ultralytics.nn.modules.block.MaxSigmoidAttnBlock::attn # C:\Users\juanp\source\repos\Toy-Vision\tools\toy_model_export\.venv\Lib\site-packages\ultralytics\nn\modules\block.py:606:0
  %11598 : Long(device=cpu) = prim::Constant[value={4}](), scope: ultralytics.nn.tasks.WorldModel::/ultralytics.nn.modules.block.C2fAttn::model.12/ultralytics.nn.modules.block.MaxSigmoidAttnBlock::attn
  %11599 : Long(device=cpu) = prim::Constant[value={32}](), scope: ultralytics.nn.tasks.WorldModel::/ultralytics.nn.modules.block.C2fAttn::model.12/ultralytics.nn.modules.block.MaxSigmoidAttnBlock::attn
  %9661 : int[] = prim::ListConstruct(%9627, %9653, %11598, %11599), scope: ultralytics.nn.tasks.WorldModel::/ultralytics.nn.modules.block.C2fAttn::model.12/ultralytics.nn.modules.block.MaxSigmoidAttnBlock::attn
  %guide.1 : Float(1, 20, 4, 32, strides=[2560, 128, 32, 1], requires_grad=0, device=cpu) = aten::view(%9648, %9661), scope: ultralytics.nn.tasks.WorldModel::/ultralytics.nn.modules.block.C2fAttn::model.12/ultralytics.nn.modules.block.MaxSigmoidAttnBlock::attn # C:\Users\juanp\source\repos\Toy-Vision\tools\toy_model_export\.venv\Lib\site-packages\ultralytics\nn\modules\block.py:606:0
  %9665 : int[] = prim::ListConstruct(%9627, %11598, %11599, %9637, %9643), scope: ultralytics.nn.tasks.WorldModel::/ultralytics.nn.modules.block.C2fAttn::model.12/ultralytics.nn.modules.block.MaxSigmoidAttnBlock::attn
  %embed.1 : Float(1, 4, 32, 40, 40, strides=[204800, 51200, 1600, 40, 1], requires_grad=0, device=cpu) = aten::view(%11585, %9665), scope: ultralytics.nn.tasks.WorldModel::/ultralytics.nn.modules.block.C2fAttn::model.12/ultralytics.nn.modules.block.MaxSigmoidAttnBlock::attn # C:\Users\juanp\source\repos\Toy-Vision\tools\toy_model_export\.venv\Lib\site-packages\ultralytics\nn\modules\block.py:608:0
  %9667 : str = prim::Constant[value="bmchw,bnmc->bmhwn"](), scope: ultralytics.nn.tasks.WorldModel::/ultralytics.nn.modules.block.C2fAttn::model.12/ultralytics.nn.modules.block.MaxSigmoidAttnBlock::attn # C:\Users\juanp\source\repos\Toy-Vision\tools\toy_model_export\.venv\Lib\site-packages\torch\functional.py:373:0
  %9668 : Tensor[] = prim::ListConstruct(%embed.1, %guide.1), scope: ultralytics.nn.tasks.WorldModel::/ultralytics.nn.modules.block.C2fAttn::model.12/ultralytics.nn.modules.block.MaxSigmoidAttnBlock::attn
  %9670 : Float(1, 4, 40, 40, 20, strides=[128000, 32000, 800, 20, 1], requires_grad=0, device=cpu) = aten::einsum(%9667, %9668, %8922), scope: ultralytics.nn.tasks.WorldModel::/ultralytics.nn.modules.block.C2fAttn::model.12/ultralytics.nn.modules.block.MaxSigmoidAttnBlock::attn # C:\Users\juanp\source\repos\Toy-Vision\tools\toy_model_export\.venv\Lib\site-packages\torch\functional.py:373:0
  %9673 : Float(1, 4, 40, 40, strides=[6400, 1600, 40, 1], requires_grad=0, device=cpu), %9674 : Long(1, 4, 40, 40, strides=[6400, 1600, 40, 1], requires_grad=0, device=cpu) = aten::max(%9670, %11592, %11593), scope: ultralytics.nn.tasks.WorldModel::/ultralytics.nn.modules.block.C2fAttn::model.12/ultralytics.nn.modules.block.MaxSigmoidAttnBlock::attn # C:\Users\juanp\source\repos\Toy-Vision\tools\toy_model_export\.venv\Lib\site-packages\ultralytics\nn\modules\block.py:611:0
  %11600 : Double(device=cpu) = prim::Constant[value={5.65685}]()
  %11502 : Float(1, 4, 40, 40, strides=[6400, 1600, 40, 1], requires_grad=0, device=cpu) = aten::div(%9673, %11600), scope: ultralytics.nn.tasks.WorldModel::/ultralytics.nn.modules.block.C2fAttn::model.12/ultralytics.nn.modules.block.MaxSigmoidAttnBlock::attn # C:\Users\juanp\source\repos\Toy-Vision\tools\toy_model_export\.venv\Lib\site-packages\ultralytics\nn\modules\block.py:612:0
  %9678 : Float(1, 4, strides=[4, 1], requires_grad=0, device=cpu) = aten::unsqueeze(%model.12.attn.bias, %11591), scope: ultralytics.nn.tasks.WorldModel::/ultralytics.nn.modules.block.C2fAttn::model.12/ultralytics.nn.modules.block.MaxSigmoidAttnBlock::attn # C:\Users\juanp\source\repos\Toy-Vision\tools\toy_model_export\.venv\Lib\site-packages\ultralytics\nn\modules\block.py:613:0
  %11601 : Long(device=cpu) = prim::Constant[value={9223372036854775807}](), scope: ultralytics.nn.tasks.WorldModel::/ultralytics.nn.modules.block.C2fAttn::model.12/ultralytics.nn.modules.block.MaxSigmoidAttnBlock::attn
  %9683 : Float(1, 4, strides=[4, 1], requires_grad=0, device=cpu) = aten::slice(%9678, %11594, %11591, %11601, %11594), scope: ultralytics.nn.tasks.WorldModel::/ultralytics.nn.modules.block.C2fAttn::model.12/ultralytics.nn.modules.block.MaxSigmoidAttnBlock::attn # C:\Users\juanp\source\repos\Toy-Vision\tools\toy_model_export\.venv\Lib\site-packages\ultralytics\nn\modules\block.py:613:0
  %9685 : Float(1, 4, 1, strides=[4, 1, 1], requires_grad=0, device=cpu) = aten::unsqueeze(%9683, %11596), scope: ultralytics.nn.tasks.WorldModel::/ultralytics.nn.modules.block.C2fAttn::model.12/ultralytics.nn.modules.block.MaxSigmoidAttnBlock::attn # C:\Users\juanp\source\repos\Toy-Vision\tools\toy_model_export\.venv\Lib\site-packages\ultralytics\nn\modules\block.py:613:0
  %9687 : Float(1, 4, 1, 1, strides=[4, 1, 1, 1], requires_grad=0, device=cpu) = aten::unsqueeze(%9685, %11597), scope: ultralytics.nn.tasks.WorldModel::/ultralytics.nn.modules.block.C2fAttn::model.12/ultralytics.nn.modules.block.MaxSigmoidAttnBlock::attn # C:\Users\juanp\source\repos\Toy-Vision\tools\toy_model_export\.venv\Lib\site-packages\ultralytics\nn\modules\block.py:613:0
  %9689 : Float(1, 4, 40, 40, strides=[6400, 1600, 40, 1], requires_grad=0, device=cpu) = aten::add(%11502, %9687, %11594), scope: ultralytics.nn.tasks.WorldModel::/ultralytics.nn.modules.block.C2fAttn::model.12/ultralytics.nn.modules.block.MaxSigmoidAttnBlock::attn # C:\Users\juanp\source\repos\Toy-Vision\tools\toy_model_export\.venv\Lib\site-packages\ultralytics\nn\modules\block.py:613:0
  %9690 : Float(1, 4, 40, 40, strides=[6400, 1600, 40, 1], requires_grad=0, device=cpu) = aten::sigmoid(%9689), scope: ultralytics.nn.tasks.WorldModel::/ultralytics.nn.modules.block.C2fAttn::model.12/ultralytics.nn.modules.block.MaxSigmoidAttnBlock::attn # C:\Users\juanp\source\repos\Toy-Vision\tools\toy_model_export\.venv\Lib\site-packages\ultralytics\nn\modules\block.py:614:0
  %11602 : Double(device=cpu) = prim::Constant[value={1}]()
  %11504 : Float(1, 4, 40, 40, strides=[6400, 1600, 40, 1], requires_grad=0, device=cpu) = aten::mul(%9690, %11602), scope: ultralytics.nn.tasks.WorldModel::/ultralytics.nn.modules.block.C2fAttn::model.12/ultralytics.nn.modules.block.MaxSigmoidAttnBlock::attn # C:\Users\juanp\source\repos\Toy-Vision\tools\toy_model_export\.venv\Lib\site-packages\ultralytics\nn\modules\block.py:614:0
  %9711 : Float(1, 128, 40, 40, strides=[204800, 1600, 40, 1], requires_grad=0, device=cpu) = aten::_convolution(%11585, %model.12.attn.proj_conv.conv.weight, %model.12.attn.proj_conv.conv.bias, %11170, %11170, %11170, %11593, %11172, %11594, %11593, %11593, %11595, %11595), scope: ultralytics.nn.tasks.WorldModel::/ultralytics.nn.modules.block.C2fAttn::model.12/ultralytics.nn.modules.block.MaxSigmoidAttnBlock::attn/ultralytics.nn.modules.conv.Conv::proj_conv/torch.nn.modules.conv.Conv2d::conv # C:\Users\juanp\source\repos\Toy-Vision\tools\toy_model_export\.venv\Lib\site-packages\torch\nn\modules\conv.py:560:0
  %9715 : int[] = prim::ListConstruct(%9627, %11598, %11592, %9637, %9643), scope: ultralytics.nn.tasks.WorldModel::/ultralytics.nn.modules.block.C2fAttn::model.12/ultralytics.nn.modules.block.MaxSigmoidAttnBlock::attn
  %9716 : Float(1, 4, 32, 40, 40, strides=[204800, 51200, 1600, 40, 1], requires_grad=0, device=cpu) = aten::view(%9711, %9715), scope: ultralytics.nn.tasks.WorldModel::/ultralytics.nn.modules.block.C2fAttn::model.12/ultralytics.nn.modules.block.MaxSigmoidAttnBlock::attn # C:\Users\juanp\source\repos\Toy-Vision\tools\toy_model_export\.venv\Lib\site-packages\ultralytics\nn\modules\block.py:617:0
  %9718 : Float(1, 4, 1, 40, 40, strides=[6400, 1600, 1600, 40, 1], requires_grad=0, device=cpu) = aten::unsqueeze(%11504, %11596), scope: ultralytics.nn.tasks.WorldModel::/ultralytics.nn.modules.block.C2fAttn::model.12/ultralytics.nn.modules.block.MaxSigmoidAttnBlock::attn # C:\Users\juanp\source\repos\Toy-Vision\tools\toy_model_export\.venv\Lib\site-packages\ultralytics\nn\modules\block.py:618:0
  %9719 : Float(1, 4, 32, 40, 40, strides=[204800, 51200, 1600, 40, 1], requires_grad=0, device=cpu) = aten::mul(%9716, %9718), scope: ultralytics.nn.tasks.WorldModel::/ultralytics.nn.modules.block.C2fAttn::model.12/ultralytics.nn.modules.block.MaxSigmoidAttnBlock::attn # C:\Users\juanp\source\repos\Toy-Vision\tools\toy_model_export\.venv\Lib\site-packages\ultralytics\nn\modules\block.py:618:0
  %9721 : int[] = prim::ListConstruct(%9627, %11592, %9637, %9643), scope: ultralytics.nn.tasks.WorldModel::/ultralytics.nn.modules.block.C2fAttn::model.12/ultralytics.nn.modules.block.MaxSigmoidAttnBlock::attn
  %9722 : Float(1, 128, 40, 40, strides=[204800, 1600, 40, 1], requires_grad=0, device=cpu) = aten::view(%9719, %9721), scope: ultralytics.nn.tasks.WorldModel::/ultralytics.nn.modules.block.C2fAttn::model.12/ultralytics.nn.modules.block.MaxSigmoidAttnBlock::attn # C:\Users\juanp\source\repos\Toy-Vision\tools\toy_model_export\.venv\Lib\site-packages\ultralytics\nn\modules\block.py:619:0
  %9723 : Tensor[] = prim::ListConstruct(%11499, %11500, %11585, %9722), scope: ultralytics.nn.tasks.WorldModel::/ultralytics.nn.modules.block.C2fAttn::model.12
  %input.123 : Float(1, 512, 40, 40, strides=[819200, 1600, 40, 1], requires_grad=0, device=cpu) = aten::cat(%9723, %11594), scope: ultralytics.nn.tasks.WorldModel::/ultralytics.nn.modules.block.C2fAttn::model.12 # C:\Users\juanp\source\repos\Toy-Vision\tools\toy_model_export\.venv\Lib\site-packages\ultralytics\nn\modules\block.py:670:0
  %input.125 : Float(1, 256, 40, 40, strides=[409600, 1600, 40, 1], requires_grad=0, device=cpu) = aten::_convolution(%input.123, %model.12.cv2.conv.weight, %model.12.cv2.conv.bias, %11170, %11172, %11170, %11593, %11172, %11594, %11593, %11593, %11595, %11595), scope: ultralytics.nn.tasks.WorldModel::/ultralytics.nn.modules.block.C2fAttn::model.12/ultralytics.nn.modules.conv.Conv::cv2/torch.nn.modules.conv.Conv2d::conv # C:\Users\juanp\source\repos\Toy-Vision\tools\toy_model_export\.venv\Lib\site-packages\torch\nn\modules\conv.py:560:0
  %11561 : Float(1, 256, 40, 40, strides=[409600, 1600, 40, 1], requires_grad=0, device=cpu) = aten::silu(%input.125), scope: ultralytics.nn.tasks.WorldModel::/ultralytics.nn.modules.block.C2fAttn::model.12/ultralytics.nn.modules.conv.Conv::cv2/torch.nn.modules.activation.SiLU::act # C:\Users\juanp\source\repos\Toy-Vision\tools\toy_model_export\.venv\Lib\site-packages\torch\nn\functional.py:2396:0
  %9750 : Float(1, 256, 80, 80, strides=[1638400, 6400, 80, 1], requires_grad=0, device=cpu) = aten::upsample_nearest2d(%11561, %8922, %11289), scope: ultralytics.nn.tasks.WorldModel::/torch.nn.modules.upsampling.Upsample::model.13 # C:\Users\juanp\source\repos\Toy-Vision\tools\toy_model_export\.venv\Lib\site-packages\torch\nn\functional.py:4827:0
  %9751 : Tensor[] = prim::ListConstruct(%9750, %11544), scope: ultralytics.nn.tasks.WorldModel::/ultralytics.nn.modules.conv.Concat::model.14
  %input.129 : Float(1, 384, 80, 80, strides=[2457600, 6400, 80, 1], requires_grad=0, device=cpu) = aten::cat(%9751, %11594), scope: ultralytics.nn.tasks.WorldModel::/ultralytics.nn.modules.conv.Concat::model.14 # C:\Users\juanp\source\repos\Toy-Vision\tools\toy_model_export\.venv\Lib\site-packages\ultralytics\nn\modules\conv.py:641:0
  %input.131 : Float(1, 128, 80, 80, strides=[819200, 6400, 80, 1], requires_grad=0, device=cpu) = aten::_convolution(%input.129, %model.15.cv1.conv.weight, %model.15.cv1.conv.bias, %11170, %11172, %11170, %11593, %11172, %11594, %11593, %11593, %11595, %11595), scope: ultralytics.nn.tasks.WorldModel::/ultralytics.nn.modules.block.C2fAttn::model.15/ultralytics.nn.modules.conv.Conv::cv1/torch.nn.modules.conv.Conv2d::conv # C:\Users\juanp\source\repos\Toy-Vision\tools\toy_model_export\.venv\Lib\site-packages\torch\nn\modules\conv.py:560:0
  %11562 : Float(1, 128, 80, 80, strides=[819200, 6400, 80, 1], requires_grad=0, device=cpu) = aten::silu(%input.131), scope: ultralytics.nn.tasks.WorldModel::/ultralytics.nn.modules.block.C2fAttn::model.15/ultralytics.nn.modules.conv.Conv::cv1/torch.nn.modules.activation.SiLU::act # C:\Users\juanp\source\repos\Toy-Vision\tools\toy_model_export\.venv\Lib\site-packages\torch\nn\functional.py:2396:0
  %11505 : Float(1, 64, 80, 80, strides=[819200, 6400, 80, 1], requires_grad=0, device=cpu), %11506 : Float(1, 64, 80, 80, strides=[819200, 6400, 80, 1], requires_grad=0, device=cpu) = prim::ConstantChunk[chunks=2, dim=1](%11562), scope: ultralytics.nn.tasks.WorldModel::/ultralytics.nn.modules.block.C2fAttn::model.15 # C:\Users\juanp\source\repos\Toy-Vision\tools\toy_model_export\.venv\Lib\site-packages\ultralytics\nn\modules\block.py:667:0
  %input.135 : Float(1, 64, 80, 80, strides=[409600, 6400, 80, 1], requires_grad=0, device=cpu) = aten::_convolution(%11506, %model.15.m.0.cv1.conv.weight, %model.15.m.0.cv1.conv.bias, %11170, %11170, %11170, %11593, %11172, %11594, %11593, %11593, %11595, %11595), scope: ultralytics.nn.tasks.WorldModel::/ultralytics.nn.modules.block.C2fAttn::model.15/ultralytics.nn.modules.block.Bottleneck::m.0/ultralytics.nn.modules.conv.Conv::cv1/torch.nn.modules.conv.Conv2d::conv # C:\Users\juanp\source\repos\Toy-Vision\tools\toy_model_export\.venv\Lib\site-packages\torch\nn\modules\conv.py:560:0
  %11563 : Float(1, 64, 80, 80, strides=[409600, 6400, 80, 1], requires_grad=0, device=cpu) = aten::silu(%input.135), scope: ultralytics.nn.tasks.WorldModel::/ultralytics.nn.modules.block.C2fAttn::model.15/ultralytics.nn.modules.block.Bottleneck::m.0/ultralytics.nn.modules.conv.Conv::cv1/torch.nn.modules.activation.SiLU::act # C:\Users\juanp\source\repos\Toy-Vision\tools\toy_model_export\.venv\Lib\site-packages\torch\nn\functional.py:2396:0
  %input.139 : Float(1, 64, 80, 80, strides=[409600, 6400, 80, 1], requires_grad=0, device=cpu) = aten::_convolution(%11563, %model.15.m.0.cv2.conv.weight, %model.15.m.0.cv2.conv.bias, %11170, %11170, %11170, %11593, %11172, %11594, %11593, %11593, %11595, %11595), scope: ultralytics.nn.tasks.WorldModel::/ultralytics.nn.modules.block.C2fAttn::model.15/ultralytics.nn.modules.block.Bottleneck::m.0/ultralytics.nn.modules.conv.Conv::cv2/torch.nn.modules.conv.Conv2d::conv # C:\Users\juanp\source\repos\Toy-Vision\tools\toy_model_export\.venv\Lib\site-packages\torch\nn\modules\conv.py:560:0
  %11586 : Float(1, 64, 80, 80, strides=[409600, 6400, 80, 1], requires_grad=0, device=cpu) = aten::silu(%input.139), scope: ultralytics.nn.tasks.WorldModel::/ultralytics.nn.modules.block.C2fAttn::model.15/ultralytics.nn.modules.block.Bottleneck::m.0/ultralytics.nn.modules.conv.Conv::cv2/torch.nn.modules.activation.SiLU::act # C:\Users\juanp\source\repos\Toy-Vision\tools\toy_model_export\.venv\Lib\site-packages\torch\nn\functional.py:2396:0
  %9820 : Long(device=cpu) = aten::size(%11586, %11591), scope: ultralytics.nn.tasks.WorldModel::/ultralytics.nn.modules.block.C2fAttn::model.15/ultralytics.nn.modules.block.MaxSigmoidAttnBlock::attn # C:\Users\juanp\source\repos\Toy-Vision\tools\toy_model_export\.venv\Lib\site-packages\ultralytics\nn\modules\block.py:603:0
  %9830 : Long(device=cpu) = aten::size(%11586, %11596), scope: ultralytics.nn.tasks.WorldModel::/ultralytics.nn.modules.block.C2fAttn::model.15/ultralytics.nn.modules.block.MaxSigmoidAttnBlock::attn # C:\Users\juanp\source\repos\Toy-Vision\tools\toy_model_export\.venv\Lib\site-packages\ultralytics\nn\modules\block.py:603:0
  %9836 : Long(device=cpu) = aten::size(%11586, %11597), scope: ultralytics.nn.tasks.WorldModel::/ultralytics.nn.modules.block.C2fAttn::model.15/ultralytics.nn.modules.block.MaxSigmoidAttnBlock::attn # C:\Users\juanp\source\repos\Toy-Vision\tools\toy_model_export\.venv\Lib\site-packages\ultralytics\nn\modules\block.py:603:0
  %9841 : Float(1, 20, 64, strides=[1280, 64, 1], requires_grad=0, device=cpu) = aten::linear(%input.155, %model.15.attn.gl.weight, %model.15.attn.gl.bias), scope: ultralytics.nn.tasks.WorldModel::/ultralytics.nn.modules.block.C2fAttn::model.15/ultralytics.nn.modules.block.MaxSigmoidAttnBlock::attn/torch.nn.modules.linear.Linear::gl # C:\Users\juanp\source\repos\Toy-Vision\tools\toy_model_export\.venv\Lib\site-packages\torch\nn\modules\linear.py:134:0
  %9846 : Long(device=cpu) = aten::size(%9841, %11594), scope: ultralytics.nn.tasks.WorldModel::/ultralytics.nn.modules.block.C2fAttn::model.15/ultralytics.nn.modules.block.MaxSigmoidAttnBlock::attn # C:\Users\juanp\source\repos\Toy-Vision\tools\toy_model_export\.venv\Lib\site-packages\ultralytics\nn\modules\block.py:606:0
  %9854 : int[] = prim::ListConstruct(%9820, %9846, %11596, %11599), scope: ultralytics.nn.tasks.WorldModel::/ultralytics.nn.modules.block.C2fAttn::model.15/ultralytics.nn.modules.block.MaxSigmoidAttnBlock::attn
  %guide.3 : Float(1, 20, 2, 32, strides=[1280, 64, 32, 1], requires_grad=0, device=cpu) = aten::view(%9841, %9854), scope: ultralytics.nn.tasks.WorldModel::/ultralytics.nn.modules.block.C2fAttn::model.15/ultralytics.nn.modules.block.MaxSigmoidAttnBlock::attn # C:\Users\juanp\source\repos\Toy-Vision\tools\toy_model_export\.venv\Lib\site-packages\ultralytics\nn\modules\block.py:606:0
  %9858 : int[] = prim::ListConstruct(%9820, %11596, %11599, %9830, %9836), scope: ultralytics.nn.tasks.WorldModel::/ultralytics.nn.modules.block.C2fAttn::model.15/ultralytics.nn.modules.block.MaxSigmoidAttnBlock::attn
  %embed.3 : Float(1, 2, 32, 80, 80, strides=[409600, 204800, 6400, 80, 1], requires_grad=0, device=cpu) = aten::view(%11586, %9858), scope: ultralytics.nn.tasks.WorldModel::/ultralytics.nn.modules.block.C2fAttn::model.15/ultralytics.nn.modules.block.MaxSigmoidAttnBlock::attn # C:\Users\juanp\source\repos\Toy-Vision\tools\toy_model_export\.venv\Lib\site-packages\ultralytics\nn\modules\block.py:608:0
  %9861 : Tensor[] = prim::ListConstruct(%embed.3, %guide.3), scope: ultralytics.nn.tasks.WorldModel::/ultralytics.nn.modules.block.C2fAttn::model.15/ultralytics.nn.modules.block.MaxSigmoidAttnBlock::attn
  %9863 : Float(1, 2, 80, 80, 20, strides=[256000, 128000, 1600, 20, 1], requires_grad=0, device=cpu) = aten::einsum(%9667, %9861, %8922), scope: ultralytics.nn.tasks.WorldModel::/ultralytics.nn.modules.block.C2fAttn::model.15/ultralytics.nn.modules.block.MaxSigmoidAttnBlock::attn # C:\Users\juanp\source\repos\Toy-Vision\tools\toy_model_export\.venv\Lib\site-packages\torch\functional.py:373:0
  %9866 : Float(1, 2, 80, 80, strides=[12800, 6400, 80, 1], requires_grad=0, device=cpu), %9867 : Long(1, 2, 80, 80, strides=[12800, 6400, 80, 1], requires_grad=0, device=cpu) = aten::max(%9863, %11592, %11593), scope: ultralytics.nn.tasks.WorldModel::/ultralytics.nn.modules.block.C2fAttn::model.15/ultralytics.nn.modules.block.MaxSigmoidAttnBlock::attn # C:\Users\juanp\source\repos\Toy-Vision\tools\toy_model_export\.venv\Lib\site-packages\ultralytics\nn\modules\block.py:611:0
  %11603 : Double(device=cpu) = prim::Constant[value={5.65685}]()
  %11508 : Float(1, 2, 80, 80, strides=[12800, 6400, 80, 1], requires_grad=0, device=cpu) = aten::div(%9866, %11603), scope: ultralytics.nn.tasks.WorldModel::/ultralytics.nn.modules.block.C2fAttn::model.15/ultralytics.nn.modules.block.MaxSigmoidAttnBlock::attn # C:\Users\juanp\source\repos\Toy-Vision\tools\toy_model_export\.venv\Lib\site-packages\ultralytics\nn\modules\block.py:612:0
  %9871 : Float(1, 2, strides=[2, 1], requires_grad=0, device=cpu) = aten::unsqueeze(%model.15.attn.bias, %11591), scope: ultralytics.nn.tasks.WorldModel::/ultralytics.nn.modules.block.C2fAttn::model.15/ultralytics.nn.modules.block.MaxSigmoidAttnBlock::attn # C:\Users\juanp\source\repos\Toy-Vision\tools\toy_model_export\.venv\Lib\site-packages\ultralytics\nn\modules\block.py:613:0
  %9876 : Float(1, 2, strides=[2, 1], requires_grad=0, device=cpu) = aten::slice(%9871, %11594, %11591, %11601, %11594), scope: ultralytics.nn.tasks.WorldModel::/ultralytics.nn.modules.block.C2fAttn::model.15/ultralytics.nn.modules.block.MaxSigmoidAttnBlock::attn # C:\Users\juanp\source\repos\Toy-Vision\tools\toy_model_export\.venv\Lib\site-packages\ultralytics\nn\modules\block.py:613:0
  %9878 : Float(1, 2, 1, strides=[2, 1, 1], requires_grad=0, device=cpu) = aten::unsqueeze(%9876, %11596), scope: ultralytics.nn.tasks.WorldModel::/ultralytics.nn.modules.block.C2fAttn::model.15/ultralytics.nn.modules.block.MaxSigmoidAttnBlock::attn # C:\Users\juanp\source\repos\Toy-Vision\tools\toy_model_export\.venv\Lib\site-packages\ultralytics\nn\modules\block.py:613:0
  %9880 : Float(1, 2, 1, 1, strides=[2, 1, 1, 1], requires_grad=0, device=cpu) = aten::unsqueeze(%9878, %11597), scope: ultralytics.nn.tasks.WorldModel::/ultralytics.nn.modules.block.C2fAttn::model.15/ultralytics.nn.modules.block.MaxSigmoidAttnBlock::attn # C:\Users\juanp\source\repos\Toy-Vision\tools\toy_model_export\.venv\Lib\site-packages\ultralytics\nn\modules\block.py:613:0
  %9882 : Float(1, 2, 80, 80, strides=[12800, 6400, 80, 1], requires_grad=0, device=cpu) = aten::add(%11508, %9880, %11594), scope: ultralytics.nn.tasks.WorldModel::/ultralytics.nn.modules.block.C2fAttn::model.15/ultralytics.nn.modules.block.MaxSigmoidAttnBlock::attn # C:\Users\juanp\source\repos\Toy-Vision\tools\toy_model_export\.venv\Lib\site-packages\ultralytics\nn\modules\block.py:613:0
  %9883 : Float(1, 2, 80, 80, strides=[12800, 6400, 80, 1], requires_grad=0, device=cpu) = aten::sigmoid(%9882), scope: ultralytics.nn.tasks.WorldModel::/ultralytics.nn.modules.block.C2fAttn::model.15/ultralytics.nn.modules.block.MaxSigmoidAttnBlock::attn # C:\Users\juanp\source\repos\Toy-Vision\tools\toy_model_export\.venv\Lib\site-packages\ultralytics\nn\modules\block.py:614:0
  %11604 : Double(device=cpu) = prim::Constant[value={1}]()
  %11510 : Float(1, 2, 80, 80, strides=[12800, 6400, 80, 1], requires_grad=0, device=cpu) = aten::mul(%9883, %11604), scope: ultralytics.nn.tasks.WorldModel::/ultralytics.nn.modules.block.C2fAttn::model.15/ultralytics.nn.modules.block.MaxSigmoidAttnBlock::attn # C:\Users\juanp\source\repos\Toy-Vision\tools\toy_model_export\.venv\Lib\site-packages\ultralytics\nn\modules\block.py:614:0
  %9904 : Float(1, 64, 80, 80, strides=[409600, 6400, 80, 1], requires_grad=0, device=cpu) = aten::_convolution(%11586, %model.15.attn.proj_conv.conv.weight, %model.15.attn.proj_conv.conv.bias, %11170, %11170, %11170, %11593, %11172, %11594, %11593, %11593, %11595, %11595), scope: ultralytics.nn.tasks.WorldModel::/ultralytics.nn.modules.block.C2fAttn::model.15/ultralytics.nn.modules.block.MaxSigmoidAttnBlock::attn/ultralytics.nn.modules.conv.Conv::proj_conv/torch.nn.modules.conv.Conv2d::conv # C:\Users\juanp\source\repos\Toy-Vision\tools\toy_model_export\.venv\Lib\site-packages\torch\nn\modules\conv.py:560:0
  %9908 : int[] = prim::ListConstruct(%9820, %11596, %11592, %9830, %9836), scope: ultralytics.nn.tasks.WorldModel::/ultralytics.nn.modules.block.C2fAttn::model.15/ultralytics.nn.modules.block.MaxSigmoidAttnBlock::attn
  %9909 : Float(1, 2, 32, 80, 80, strides=[409600, 204800, 6400, 80, 1], requires_grad=0, device=cpu) = aten::view(%9904, %9908), scope: ultralytics.nn.tasks.WorldModel::/ultralytics.nn.modules.block.C2fAttn::model.15/ultralytics.nn.modules.block.MaxSigmoidAttnBlock::attn # C:\Users\juanp\source\repos\Toy-Vision\tools\toy_model_export\.venv\Lib\site-packages\ultralytics\nn\modules\block.py:617:0
  %9911 : Float(1, 2, 1, 80, 80, strides=[12800, 6400, 6400, 80, 1], requires_grad=0, device=cpu) = aten::unsqueeze(%11510, %11596), scope: ultralytics.nn.tasks.WorldModel::/ultralytics.nn.modules.block.C2fAttn::model.15/ultralytics.nn.modules.block.MaxSigmoidAttnBlock::attn # C:\Users\juanp\source\repos\Toy-Vision\tools\toy_model_export\.venv\Lib\site-packages\ultralytics\nn\modules\block.py:618:0
  %9912 : Float(1, 2, 32, 80, 80, strides=[409600, 204800, 6400, 80, 1], requires_grad=0, device=cpu) = aten::mul(%9909, %9911), scope: ultralytics.nn.tasks.WorldModel::/ultralytics.nn.modules.block.C2fAttn::model.15/ultralytics.nn.modules.block.MaxSigmoidAttnBlock::attn # C:\Users\juanp\source\repos\Toy-Vision\tools\toy_model_export\.venv\Lib\site-packages\ultralytics\nn\modules\block.py:618:0
  %9914 : int[] = prim::ListConstruct(%9820, %11592, %9830, %9836), scope: ultralytics.nn.tasks.WorldModel::/ultralytics.nn.modules.block.C2fAttn::model.15/ultralytics.nn.modules.block.MaxSigmoidAttnBlock::attn
  %9915 : Float(1, 64, 80, 80, strides=[409600, 6400, 80, 1], requires_grad=0, device=cpu) = aten::view(%9912, %9914), scope: ultralytics.nn.tasks.WorldModel::/ultralytics.nn.modules.block.C2fAttn::model.15/ultralytics.nn.modules.block.MaxSigmoidAttnBlock::attn # C:\Users\juanp\source\repos\Toy-Vision\tools\toy_model_export\.venv\Lib\site-packages\ultralytics\nn\modules\block.py:619:0
  %9916 : Tensor[] = prim::ListConstruct(%11505, %11506, %11586, %9915), scope: ultralytics.nn.tasks.WorldModel::/ultralytics.nn.modules.block.C2fAttn::model.15
  %input.143 : Float(1, 256, 80, 80, strides=[1638400, 6400, 80, 1], requires_grad=0, device=cpu) = aten::cat(%9916, %11594), scope: ultralytics.nn.tasks.WorldModel::/ultralytics.nn.modules.block.C2fAttn::model.15 # C:\Users\juanp\source\repos\Toy-Vision\tools\toy_model_export\.venv\Lib\site-packages\ultralytics\nn\modules\block.py:670:0
  %input.145 : Float(1, 128, 80, 80, strides=[819200, 6400, 80, 1], requires_grad=0, device=cpu) = aten::_convolution(%input.143, %model.15.cv2.conv.weight, %model.15.cv2.conv.bias, %11170, %11172, %11170, %11593, %11172, %11594, %11593, %11593, %11595, %11595), scope: ultralytics.nn.tasks.WorldModel::/ultralytics.nn.modules.block.C2fAttn::model.15/ultralytics.nn.modules.conv.Conv::cv2/torch.nn.modules.conv.Conv2d::conv # C:\Users\juanp\source\repos\Toy-Vision\tools\toy_model_export\.venv\Lib\site-packages\torch\nn\modules\conv.py:560:0
  %11564 : Float(1, 128, 80, 80, strides=[819200, 6400, 80, 1], requires_grad=0, device=cpu) = aten::silu(%input.145), scope: ultralytics.nn.tasks.WorldModel::/ultralytics.nn.modules.block.C2fAttn::model.15/ultralytics.nn.modules.conv.Conv::cv2/torch.nn.modules.activation.SiLU::act # C:\Users\juanp\source\repos\Toy-Vision\tools\toy_model_export\.venv\Lib\site-packages\torch\nn\functional.py:2396:0
  %9940 : Long(device=cpu) = aten::size(%11564, %11591), scope: ultralytics.nn.tasks.WorldModel::/ultralytics.nn.modules.block.ImagePoolingAttn::model.16 # C:\Users\juanp\source\repos\Toy-Vision\tools\toy_model_export\.venv\Lib\site-packages\ultralytics\nn\modules\block.py:730:0
  %input.149 : Float(1, 256, 80, 80, strides=[1638400, 6400, 80, 1], requires_grad=0, device=cpu) = aten::_convolution(%11564, %model.16.projections.0.weight, %model.16.projections.0.bias, %11170, %11172, %11170, %11593, %11172, %11594, %11593, %11593, %11595, %11595), scope: ultralytics.nn.tasks.WorldModel::/ultralytics.nn.modules.block.ImagePoolingAttn::model.16/torch.nn.modules.conv.Conv2d::projections.0 # C:\Users\juanp\source\repos\Toy-Vision\tools\toy_model_export\.venv\Lib\site-packages\torch\nn\modules\conv.py:560:0
  %11335 : int[] = prim::Constant[value=[3, 3]]()
  %9992 : Float(1, 256, 3, 3, strides=[2304, 9, 3, 1], requires_grad=0, device=cpu), %9993 : Long(1, 256, 3, 3, strides=[2304, 9, 3, 1], requires_grad=0, device=cpu) = aten::adaptive_max_pool2d(%input.149, %11335), scope: ultralytics.nn.tasks.WorldModel::/ultralytics.nn.modules.block.ImagePoolingAttn::model.16/torch.nn.modules.pooling.AdaptiveMaxPool2d::im_pools.0 # C:\Users\juanp\source\repos\Toy-Vision\tools\toy_model_export\.venv\Lib\site-packages\torch\nn\functional.py:1282:0
  %11605 : Long(device=cpu) = prim::Constant[value={9}](), scope: ultralytics.nn.tasks.WorldModel::/ultralytics.nn.modules.block.ImagePoolingAttn::model.16
  %9996 : int[] = prim::ListConstruct(%9940, %11592, %11605), scope: ultralytics.nn.tasks.WorldModel::/ultralytics.nn.modules.block.ImagePoolingAttn::model.16
  %9997 : Float(1, 256, 9, strides=[2304, 9, 1], requires_grad=0, device=cpu) = aten::view(%9992, %9996), scope: ultralytics.nn.tasks.WorldModel::/ultralytics.nn.modules.block.ImagePoolingAttn::model.16 # C:\Users\juanp\source\repos\Toy-Vision\tools\toy_model_export\.venv\Lib\site-packages\ultralytics\nn\modules\block.py:733:0
  %input.151 : Float(1, 256, 40, 40, strides=[409600, 1600, 40, 1], requires_grad=0, device=cpu) = aten::_convolution(%11561, %model.16.projections.1.weight, %model.16.projections.1.bias, %11170, %11172, %11170, %11593, %11172, %11594, %11593, %11593, %11595, %11595), scope: ultralytics.nn.tasks.WorldModel::/ultralytics.nn.modules.block.ImagePoolingAttn::model.16/torch.nn.modules.conv.Conv2d::projections.1 # C:\Users\juanp\source\repos\Toy-Vision\tools\toy_model_export\.venv\Lib\site-packages\torch\nn\modules\conv.py:560:0
  %10032 : Float(1, 256, 3, 3, strides=[2304, 9, 3, 1], requires_grad=0, device=cpu), %10033 : Long(1, 256, 3, 3, strides=[2304, 9, 3, 1], requires_grad=0, device=cpu) = aten::adaptive_max_pool2d(%input.151, %11335), scope: ultralytics.nn.tasks.WorldModel::/ultralytics.nn.modules.block.ImagePoolingAttn::model.16/torch.nn.modules.pooling.AdaptiveMaxPool2d::im_pools.1 # C:\Users\juanp\source\repos\Toy-Vision\tools\toy_model_export\.venv\Lib\site-packages\torch\nn\functional.py:1282:0
  %10037 : Float(1, 256, 9, strides=[2304, 9, 1], requires_grad=0, device=cpu) = aten::view(%10032, %9996), scope: ultralytics.nn.tasks.WorldModel::/ultralytics.nn.modules.block.ImagePoolingAttn::model.16 # C:\Users\juanp\source\repos\Toy-Vision\tools\toy_model_export\.venv\Lib\site-packages\ultralytics\nn\modules\block.py:733:0
  %input.153 : Float(1, 256, 20, 20, strides=[102400, 400, 20, 1], requires_grad=0, device=cpu) = aten::_convolution(%11558, %model.16.projections.2.weight, %model.16.projections.2.bias, %11170, %11172, %11170, %11593, %11172, %11594, %11593, %11593, %11595, %11595), scope: ultralytics.nn.tasks.WorldModel::/ultralytics.nn.modules.block.ImagePoolingAttn::model.16/torch.nn.modules.conv.Conv2d::projections.2 # C:\Users\juanp\source\repos\Toy-Vision\tools\toy_model_export\.venv\Lib\site-packages\torch\nn\modules\conv.py:560:0
  %10072 : Float(1, 256, 3, 3, strides=[2304, 9, 3, 1], requires_grad=0, device=cpu), %10073 : Long(1, 256, 3, 3, strides=[2304, 9, 3, 1], requires_grad=0, device=cpu) = aten::adaptive_max_pool2d(%input.153, %11335), scope: ultralytics.nn.tasks.WorldModel::/ultralytics.nn.modules.block.ImagePoolingAttn::model.16/torch.nn.modules.pooling.AdaptiveMaxPool2d::im_pools.2 # C:\Users\juanp\source\repos\Toy-Vision\tools\toy_model_export\.venv\Lib\site-packages\torch\nn\functional.py:1282:0
  %10077 : Float(1, 256, 9, strides=[2304, 9, 1], requires_grad=0, device=cpu) = aten::view(%10072, %9996), scope: ultralytics.nn.tasks.WorldModel::/ultralytics.nn.modules.block.ImagePoolingAttn::model.16 # C:\Users\juanp\source\repos\Toy-Vision\tools\toy_model_export\.venv\Lib\site-packages\ultralytics\nn\modules\block.py:733:0
  %10078 : Tensor[] = prim::ListConstruct(%9997, %10037, %10077), scope: ultralytics.nn.tasks.WorldModel::/ultralytics.nn.modules.block.ImagePoolingAttn::model.16
  %10080 : Float(1, 256, 27, strides=[6912, 27, 1], requires_grad=0, device=cpu) = aten::cat(%10078, %11592), scope: ultralytics.nn.tasks.WorldModel::/ultralytics.nn.modules.block.ImagePoolingAttn::model.16 # C:\Users\juanp\source\repos\Toy-Vision\tools\toy_model_export\.venv\Lib\site-packages\ultralytics\nn\modules\block.py:734:0
  %input.157 : Float(1, 27, 256, strides=[6912, 1, 27], requires_grad=0, device=cpu) = aten::transpose(%10080, %11594, %11596), scope: ultralytics.nn.tasks.WorldModel::/ultralytics.nn.modules.block.ImagePoolingAttn::model.16 # C:\Users\juanp\source\repos\Toy-Vision\tools\toy_model_export\.venv\Lib\site-packages\ultralytics\nn\modules\block.py:734:0
  %11346 : int[] = prim::Constant[value=[512]]()
  %11606 : Double(device=cpu) = prim::Constant[value={1e-05}](), scope: ultralytics.nn.tasks.WorldModel::/ultralytics.nn.modules.block.ImagePoolingAttn::model.16/torch.nn.modules.container.Sequential::query/torch.nn.modules.normalization.LayerNorm::query.0
  %10088 : Float(1, 20, 512, strides=[10240, 512, 1], requires_grad=0, device=cpu) = aten::layer_norm(%input.155, %11346, %model.16.query.0.weight, %model.16.query.0.bias, %11606, %11595), scope: ultralytics.nn.tasks.WorldModel::/ultralytics.nn.modules.block.ImagePoolingAttn::model.16/torch.nn.modules.container.Sequential::query/torch.nn.modules.normalization.LayerNorm::query.0 # C:\Users\juanp\source\repos\Toy-Vision\tools\toy_model_export\.venv\Lib\site-packages\torch\nn\functional.py:2939:0
  %10089 : Float(1, 20, 256, strides=[5120, 256, 1], requires_grad=0, device=cpu) = aten::linear(%10088, %model.16.query.1.weight, %model.16.query.1.bias), scope: ultralytics.nn.tasks.WorldModel::/ultralytics.nn.modules.block.ImagePoolingAttn::model.16/torch.nn.modules.container.Sequential::query/torch.nn.modules.linear.Linear::query.1 # C:\Users\juanp\source\repos\Toy-Vision\tools\toy_model_export\.venv\Lib\site-packages\torch\nn\modules\linear.py:134:0
  %11347 : int[] = prim::Constant[value=[256]]()
  %10094 : Float(1, 27, 256, strides=[6912, 256, 1], requires_grad=0, device=cpu) = aten::layer_norm(%input.157, %11347, %model.16.key.0.weight, %model.16.key.0.bias, %11606, %11595), scope: ultralytics.nn.tasks.WorldModel::/ultralytics.nn.modules.block.ImagePoolingAttn::model.16/torch.nn.modules.container.Sequential::key/torch.nn.modules.normalization.LayerNorm::key.0 # C:\Users\juanp\source\repos\Toy-Vision\tools\toy_model_export\.venv\Lib\site-packages\torch\nn\functional.py:2939:0
  %10095 : Float(1, 27, 256, strides=[6912, 256, 1], requires_grad=0, device=cpu) = aten::linear(%10094, %model.16.key.1.weight, %model.16.key.1.bias), scope: ultralytics.nn.tasks.WorldModel::/ultralytics.nn.modules.block.ImagePoolingAttn::model.16/torch.nn.modules.container.Sequential::key/torch.nn.modules.linear.Linear::key.1 # C:\Users\juanp\source\repos\Toy-Vision\tools\toy_model_export\.venv\Lib\site-packages\torch\nn\modules\linear.py:134:0
  %10100 : Float(1, 27, 256, strides=[6912, 256, 1], requires_grad=0, device=cpu) = aten::layer_norm(%input.157, %11347, %model.16.value.0.weight, %model.16.value.0.bias, %11606, %11595), scope: ultralytics.nn.tasks.WorldModel::/ultralytics.nn.modules.block.ImagePoolingAttn::model.16/torch.nn.modules.container.Sequential::value/torch.nn.modules.normalization.LayerNorm::value.0 # C:\Users\juanp\source\repos\Toy-Vision\tools\toy_model_export\.venv\Lib\site-packages\torch\nn\functional.py:2939:0
  %10101 : Float(1, 27, 256, strides=[6912, 256, 1], requires_grad=0, device=cpu) = aten::linear(%10100, %model.16.value.1.weight, %model.16.value.1.bias), scope: ultralytics.nn.tasks.WorldModel::/ultralytics.nn.modules.block.ImagePoolingAttn::model.16/torch.nn.modules.container.Sequential::value/torch.nn.modules.linear.Linear::value.1 # C:\Users\juanp\source\repos\Toy-Vision\tools\toy_model_export\.venv\Lib\site-packages\torch\nn\modules\linear.py:134:0
  %11607 : Long(device=cpu) = prim::Constant[value={8}](), scope: ultralytics.nn.tasks.WorldModel::/ultralytics.nn.modules.block.ImagePoolingAttn::model.16
  %10105 : int[] = prim::ListConstruct(%9940, %11592, %11607, %11599), scope: ultralytics.nn.tasks.WorldModel::/ultralytics.nn.modules.block.ImagePoolingAttn::model.16
  %q : Float(1, 20, 8, 32, strides=[5120, 256, 32, 1], requires_grad=0, device=cpu) = aten::reshape(%10089, %10105), scope: ultralytics.nn.tasks.WorldModel::/ultralytics.nn.modules.block.ImagePoolingAttn::model.16 # C:\Users\juanp\source\repos\Toy-Vision\tools\toy_model_export\.venv\Lib\site-packages\ultralytics\nn\modules\block.py:740:0
  %k : Float(1, 27, 8, 32, strides=[6912, 256, 32, 1], requires_grad=0, device=cpu) = aten::reshape(%10095, %10105), scope: ultralytics.nn.tasks.WorldModel::/ultralytics.nn.modules.block.ImagePoolingAttn::model.16 # C:\Users\juanp\source\repos\Toy-Vision\tools\toy_model_export\.venv\Lib\site-packages\ultralytics\nn\modules\block.py:741:0
  %v : Float(1, 27, 8, 32, strides=[6912, 256, 32, 1], requires_grad=0, device=cpu) = aten::reshape(%10101, %10105), scope: ultralytics.nn.tasks.WorldModel::/ultralytics.nn.modules.block.ImagePoolingAttn::model.16 # C:\Users\juanp\source\repos\Toy-Vision\tools\toy_model_export\.venv\Lib\site-packages\ultralytics\nn\modules\block.py:742:0
  %10117 : str = prim::Constant[value="bnmc,bkmc->bmnk"](), scope: ultralytics.nn.tasks.WorldModel::/ultralytics.nn.modules.block.ImagePoolingAttn::model.16 # C:\Users\juanp\source\repos\Toy-Vision\tools\toy_model_export\.venv\Lib\site-packages\torch\functional.py:373:0
  %10118 : Tensor[] = prim::ListConstruct(%q, %k), scope: ultralytics.nn.tasks.WorldModel::/ultralytics.nn.modules.block.ImagePoolingAttn::model.16
  %10120 : Float(1, 8, 20, 27, strides=[4320, 540, 27, 1], requires_grad=0, device=cpu) = aten::einsum(%10117, %10118, %8922), scope: ultralytics.nn.tasks.WorldModel::/ultralytics.nn.modules.block.ImagePoolingAttn::model.16 # C:\Users\juanp\source\repos\Toy-Vision\tools\toy_model_export\.venv\Lib\site-packages\torch\functional.py:373:0
  %11608 : Double(device=cpu) = prim::Constant[value={5.65685}]()
  %aw.1 : Float(1, 8, 20, 27, strides=[4320, 540, 27, 1], requires_grad=0, device=cpu) = aten::div(%10120, %11608), scope: ultralytics.nn.tasks.WorldModel::/ultralytics.nn.modules.block.ImagePoolingAttn::model.16 # C:\Users\juanp\source\repos\Toy-Vision\tools\toy_model_export\.venv\Lib\site-packages\ultralytics\nn\modules\block.py:745:0
  %aw : Float(1, 8, 20, 27, strides=[4320, 540, 27, 1], requires_grad=0, device=cpu) = aten::softmax(%aw.1, %11592, %8922), scope: ultralytics.nn.tasks.WorldModel::/ultralytics.nn.modules.block.ImagePoolingAttn::model.16 # C:\Users\juanp\source\repos\Toy-Vision\tools\toy_model_export\.venv\Lib\site-packages\torch\nn\functional.py:2159:0
  %10126 : str = prim::Constant[value="bmnk,bkmc->bnmc"](), scope: ultralytics.nn.tasks.WorldModel::/ultralytics.nn.modules.block.ImagePoolingAttn::model.16 # C:\Users\juanp\source\repos\Toy-Vision\tools\toy_model_export\.venv\Lib\site-packages\torch\functional.py:373:0
  %10127 : Tensor[] = prim::ListConstruct(%aw, %v), scope: ultralytics.nn.tasks.WorldModel::/ultralytics.nn.modules.block.ImagePoolingAttn::model.16
  %10129 : Float(1, 20, 8, 32, strides=[640, 32, 640, 1], requires_grad=0, device=cpu) = aten::einsum(%10126, %10127, %8922), scope: ultralytics.nn.tasks.WorldModel::/ultralytics.nn.modules.block.ImagePoolingAttn::model.16 # C:\Users\juanp\source\repos\Toy-Vision\tools\toy_model_export\.venv\Lib\site-packages\torch\functional.py:373:0
  %11609 : Long(device=cpu) = prim::Constant[value={256}](), scope: ultralytics.nn.tasks.WorldModel::/ultralytics.nn.modules.block.ImagePoolingAttn::model.16
  %10132 : int[] = prim::ListConstruct(%9940, %11592, %11609), scope: ultralytics.nn.tasks.WorldModel::/ultralytics.nn.modules.block.ImagePoolingAttn::model.16
  %10133 : Float(1, 20, 256, strides=[5120, 256, 1], requires_grad=0, device=cpu) = aten::reshape(%10129, %10132), scope: ultralytics.nn.tasks.WorldModel::/ultralytics.nn.modules.block.ImagePoolingAttn::model.16 # C:\Users\juanp\source\repos\Toy-Vision\tools\toy_model_export\.venv\Lib\site-packages\ultralytics\nn\modules\block.py:749:0
  %10134 : Float(1, 20, 512, strides=[10240, 512, 1], requires_grad=0, device=cpu) = aten::linear(%10133, %model.16.proj.weight, %model.16.proj.bias), scope: ultralytics.nn.tasks.WorldModel::/ultralytics.nn.modules.block.ImagePoolingAttn::model.16/torch.nn.modules.linear.Linear::proj # C:\Users\juanp\source\repos\Toy-Vision\tools\toy_model_export\.venv\Lib\site-packages\torch\nn\modules\linear.py:134:0
  %11610 : Double(device=cpu) = prim::Constant[value={1}]()
  %11514 : Float(1, 20, 512, strides=[10240, 512, 1], requires_grad=0, device=cpu) = aten::mul(%10134, %11610), scope: ultralytics.nn.tasks.WorldModel::/ultralytics.nn.modules.block.ImagePoolingAttn::model.16 # C:\Users\juanp\source\repos\Toy-Vision\tools\toy_model_export\.venv\Lib\site-packages\ultralytics\nn\modules\block.py:750:0
  %10138 : Float(1, 20, 512, strides=[10240, 512, 1], requires_grad=0, device=cpu) = aten::add(%11514, %input.155, %11594), scope: ultralytics.nn.tasks.WorldModel::/ultralytics.nn.modules.block.ImagePoolingAttn::model.16 # C:\Users\juanp\source\repos\Toy-Vision\tools\toy_model_export\.venv\Lib\site-packages\ultralytics\nn\modules\block.py:750:0
  %input.159 : Float(1, 128, 40, 40, strides=[204800, 1600, 40, 1], requires_grad=0, device=cpu) = aten::_convolution(%11564, %model.17.conv.weight, %model.17.conv.bias, %11169, %11170, %11170, %11593, %11172, %11594, %11593, %11593, %11595, %11595), scope: ultralytics.nn.tasks.WorldModel::/ultralytics.nn.modules.conv.Conv::model.17/torch.nn.modules.conv.Conv2d::conv # C:\Users\juanp\source\repos\Toy-Vision\tools\toy_model_export\.venv\Lib\site-packages\torch\nn\modules\conv.py:560:0
  %11565 : Float(1, 128, 40, 40, strides=[204800, 1600, 40, 1], requires_grad=0, device=cpu) = aten::silu(%input.159), scope: ultralytics.nn.tasks.WorldModel::/ultralytics.nn.modules.conv.Conv::model.17/torch.nn.modules.activation.SiLU::act # C:\Users\juanp\source\repos\Toy-Vision\tools\toy_model_export\.venv\Lib\site-packages\torch\nn\functional.py:2396:0
  %10159 : Tensor[] = prim::ListConstruct(%11565, %11561), scope: ultralytics.nn.tasks.WorldModel::/ultralytics.nn.modules.conv.Concat::model.18
  %input.161 : Float(1, 384, 40, 40, strides=[614400, 1600, 40, 1], requires_grad=0, device=cpu) = aten::cat(%10159, %11594), scope: ultralytics.nn.tasks.WorldModel::/ultralytics.nn.modules.conv.Concat::model.18 # C:\Users\juanp\source\repos\Toy-Vision\tools\toy_model_export\.venv\Lib\site-packages\ultralytics\nn\modules\conv.py:641:0
  %input.163 : Float(1, 256, 40, 40, strides=[409600, 1600, 40, 1], requires_grad=0, device=cpu) = aten::_convolution(%input.161, %model.19.cv1.conv.weight, %model.19.cv1.conv.bias, %11170, %11172, %11170, %11593, %11172, %11594, %11593, %11593, %11595, %11595), scope: ultralytics.nn.tasks.WorldModel::/ultralytics.nn.modules.block.C2fAttn::model.19/ultralytics.nn.modules.conv.Conv::cv1/torch.nn.modules.conv.Conv2d::conv # C:\Users\juanp\source\repos\Toy-Vision\tools\toy_model_export\.venv\Lib\site-packages\torch\nn\modules\conv.py:560:0
  %11566 : Float(1, 256, 40, 40, strides=[409600, 1600, 40, 1], requires_grad=0, device=cpu) = aten::silu(%input.163), scope: ultralytics.nn.tasks.WorldModel::/ultralytics.nn.modules.block.C2fAttn::model.19/ultralytics.nn.modules.conv.Conv::cv1/torch.nn.modules.activation.SiLU::act # C:\Users\juanp\source\repos\Toy-Vision\tools\toy_model_export\.venv\Lib\site-packages\torch\nn\functional.py:2396:0
  %11515 : Float(1, 128, 40, 40, strides=[409600, 1600, 40, 1], requires_grad=0, device=cpu), %11516 : Float(1, 128, 40, 40, strides=[409600, 1600, 40, 1], requires_grad=0, device=cpu) = prim::ConstantChunk[chunks=2, dim=1](%11566), scope: ultralytics.nn.tasks.WorldModel::/ultralytics.nn.modules.block.C2fAttn::model.19 # C:\Users\juanp\source\repos\Toy-Vision\tools\toy_model_export\.venv\Lib\site-packages\ultralytics\nn\modules\block.py:667:0
  %input.167 : Float(1, 128, 40, 40, strides=[204800, 1600, 40, 1], requires_grad=0, device=cpu) = aten::_convolution(%11516, %model.19.m.0.cv1.conv.weight, %model.19.m.0.cv1.conv.bias, %11170, %11170, %11170, %11593, %11172, %11594, %11593, %11593, %11595, %11595), scope: ultralytics.nn.tasks.WorldModel::/ultralytics.nn.modules.block.C2fAttn::model.19/ultralytics.nn.modules.block.Bottleneck::m.0/ultralytics.nn.modules.conv.Conv::cv1/torch.nn.modules.conv.Conv2d::conv # C:\Users\juanp\source\repos\Toy-Vision\tools\toy_model_export\.venv\Lib\site-packages\torch\nn\modules\conv.py:560:0
  %11567 : Float(1, 128, 40, 40, strides=[204800, 1600, 40, 1], requires_grad=0, device=cpu) = aten::silu(%input.167), scope: ultralytics.nn.tasks.WorldModel::/ultralytics.nn.modules.block.C2fAttn::model.19/ultralytics.nn.modules.block.Bottleneck::m.0/ultralytics.nn.modules.conv.Conv::cv1/torch.nn.modules.activation.SiLU::act # C:\Users\juanp\source\repos\Toy-Vision\tools\toy_model_export\.venv\Lib\site-packages\torch\nn\functional.py:2396:0
  %input.171 : Float(1, 128, 40, 40, strides=[204800, 1600, 40, 1], requires_grad=0, device=cpu) = aten::_convolution(%11567, %model.19.m.0.cv2.conv.weight, %model.19.m.0.cv2.conv.bias, %11170, %11170, %11170, %11593, %11172, %11594, %11593, %11593, %11595, %11595), scope: ultralytics.nn.tasks.WorldModel::/ultralytics.nn.modules.block.C2fAttn::model.19/ultralytics.nn.modules.block.Bottleneck::m.0/ultralytics.nn.modules.conv.Conv::cv2/torch.nn.modules.conv.Conv2d::conv # C:\Users\juanp\source\repos\Toy-Vision\tools\toy_model_export\.venv\Lib\site-packages\torch\nn\modules\conv.py:560:0
  %11587 : Float(1, 128, 40, 40, strides=[204800, 1600, 40, 1], requires_grad=0, device=cpu) = aten::silu(%input.171), scope: ultralytics.nn.tasks.WorldModel::/ultralytics.nn.modules.block.C2fAttn::model.19/ultralytics.nn.modules.block.Bottleneck::m.0/ultralytics.nn.modules.conv.Conv::cv2/torch.nn.modules.activation.SiLU::act # C:\Users\juanp\source\repos\Toy-Vision\tools\toy_model_export\.venv\Lib\site-packages\torch\nn\functional.py:2396:0
  %10228 : Long(device=cpu) = aten::size(%11587, %11591), scope: ultralytics.nn.tasks.WorldModel::/ultralytics.nn.modules.block.C2fAttn::model.19/ultralytics.nn.modules.block.MaxSigmoidAttnBlock::attn # C:\Users\juanp\source\repos\Toy-Vision\tools\toy_model_export\.venv\Lib\site-packages\ultralytics\nn\modules\block.py:603:0
  %10238 : Long(device=cpu) = aten::size(%11587, %11596), scope: ultralytics.nn.tasks.WorldModel::/ultralytics.nn.modules.block.C2fAttn::model.19/ultralytics.nn.modules.block.MaxSigmoidAttnBlock::attn # C:\Users\juanp\source\repos\Toy-Vision\tools\toy_model_export\.venv\Lib\site-packages\ultralytics\nn\modules\block.py:603:0
  %10244 : Long(device=cpu) = aten::size(%11587, %11597), scope: ultralytics.nn.tasks.WorldModel::/ultralytics.nn.modules.block.C2fAttn::model.19/ultralytics.nn.modules.block.MaxSigmoidAttnBlock::attn # C:\Users\juanp\source\repos\Toy-Vision\tools\toy_model_export\.venv\Lib\site-packages\ultralytics\nn\modules\block.py:603:0
  %10249 : Float(1, 20, 128, strides=[2560, 128, 1], requires_grad=0, device=cpu) = aten::linear(%10138, %model.19.attn.gl.weight, %model.19.attn.gl.bias), scope: ultralytics.nn.tasks.WorldModel::/ultralytics.nn.modules.block.C2fAttn::model.19/ultralytics.nn.modules.block.MaxSigmoidAttnBlock::attn/torch.nn.modules.linear.Linear::gl # C:\Users\juanp\source\repos\Toy-Vision\tools\toy_model_export\.venv\Lib\site-packages\torch\nn\modules\linear.py:134:0
  %10254 : Long(device=cpu) = aten::size(%10249, %11594), scope: ultralytics.nn.tasks.WorldModel::/ultralytics.nn.modules.block.C2fAttn::model.19/ultralytics.nn.modules.block.MaxSigmoidAttnBlock::attn # C:\Users\juanp\source\repos\Toy-Vision\tools\toy_model_export\.venv\Lib\site-packages\ultralytics\nn\modules\block.py:606:0
  %10262 : int[] = prim::ListConstruct(%10228, %10254, %11598, %11599), scope: ultralytics.nn.tasks.WorldModel::/ultralytics.nn.modules.block.C2fAttn::model.19/ultralytics.nn.modules.block.MaxSigmoidAttnBlock::attn
  %guide.5 : Float(1, 20, 4, 32, strides=[2560, 128, 32, 1], requires_grad=0, device=cpu) = aten::view(%10249, %10262), scope: ultralytics.nn.tasks.WorldModel::/ultralytics.nn.modules.block.C2fAttn::model.19/ultralytics.nn.modules.block.MaxSigmoidAttnBlock::attn # C:\Users\juanp\source\repos\Toy-Vision\tools\toy_model_export\.venv\Lib\site-packages\ultralytics\nn\modules\block.py:606:0
  %10266 : int[] = prim::ListConstruct(%10228, %11598, %11599, %10238, %10244), scope: ultralytics.nn.tasks.WorldModel::/ultralytics.nn.modules.block.C2fAttn::model.19/ultralytics.nn.modules.block.MaxSigmoidAttnBlock::attn
  %embed.5 : Float(1, 4, 32, 40, 40, strides=[204800, 51200, 1600, 40, 1], requires_grad=0, device=cpu) = aten::view(%11587, %10266), scope: ultralytics.nn.tasks.WorldModel::/ultralytics.nn.modules.block.C2fAttn::model.19/ultralytics.nn.modules.block.MaxSigmoidAttnBlock::attn # C:\Users\juanp\source\repos\Toy-Vision\tools\toy_model_export\.venv\Lib\site-packages\ultralytics\nn\modules\block.py:608:0
  %10269 : Tensor[] = prim::ListConstruct(%embed.5, %guide.5), scope: ultralytics.nn.tasks.WorldModel::/ultralytics.nn.modules.block.C2fAttn::model.19/ultralytics.nn.modules.block.MaxSigmoidAttnBlock::attn
  %10271 : Float(1, 4, 40, 40, 20, strides=[128000, 32000, 800, 20, 1], requires_grad=0, device=cpu) = aten::einsum(%9667, %10269, %8922), scope: ultralytics.nn.tasks.WorldModel::/ultralytics.nn.modules.block.C2fAttn::model.19/ultralytics.nn.modules.block.MaxSigmoidAttnBlock::attn # C:\Users\juanp\source\repos\Toy-Vision\tools\toy_model_export\.venv\Lib\site-packages\torch\functional.py:373:0
  %10274 : Float(1, 4, 40, 40, strides=[6400, 1600, 40, 1], requires_grad=0, device=cpu), %10275 : Long(1, 4, 40, 40, strides=[6400, 1600, 40, 1], requires_grad=0, device=cpu) = aten::max(%10271, %11592, %11593), scope: ultralytics.nn.tasks.WorldModel::/ultralytics.nn.modules.block.C2fAttn::model.19/ultralytics.nn.modules.block.MaxSigmoidAttnBlock::attn # C:\Users\juanp\source\repos\Toy-Vision\tools\toy_model_export\.venv\Lib\site-packages\ultralytics\nn\modules\block.py:611:0
  %11611 : Double(device=cpu) = prim::Constant[value={5.65685}]()
  %11518 : Float(1, 4, 40, 40, strides=[6400, 1600, 40, 1], requires_grad=0, device=cpu) = aten::div(%10274, %11611), scope: ultralytics.nn.tasks.WorldModel::/ultralytics.nn.modules.block.C2fAttn::model.19/ultralytics.nn.modules.block.MaxSigmoidAttnBlock::attn # C:\Users\juanp\source\repos\Toy-Vision\tools\toy_model_export\.venv\Lib\site-packages\ultralytics\nn\modules\block.py:612:0
  %10279 : Float(1, 4, strides=[4, 1], requires_grad=0, device=cpu) = aten::unsqueeze(%model.19.attn.bias, %11591), scope: ultralytics.nn.tasks.WorldModel::/ultralytics.nn.modules.block.C2fAttn::model.19/ultralytics.nn.modules.block.MaxSigmoidAttnBlock::attn # C:\Users\juanp\source\repos\Toy-Vision\tools\toy_model_export\.venv\Lib\site-packages\ultralytics\nn\modules\block.py:613:0
  %10284 : Float(1, 4, strides=[4, 1], requires_grad=0, device=cpu) = aten::slice(%10279, %11594, %11591, %11601, %11594), scope: ultralytics.nn.tasks.WorldModel::/ultralytics.nn.modules.block.C2fAttn::model.19/ultralytics.nn.modules.block.MaxSigmoidAttnBlock::attn # C:\Users\juanp\source\repos\Toy-Vision\tools\toy_model_export\.venv\Lib\site-packages\ultralytics\nn\modules\block.py:613:0
  %10286 : Float(1, 4, 1, strides=[4, 1, 1], requires_grad=0, device=cpu) = aten::unsqueeze(%10284, %11596), scope: ultralytics.nn.tasks.WorldModel::/ultralytics.nn.modules.block.C2fAttn::model.19/ultralytics.nn.modules.block.MaxSigmoidAttnBlock::attn # C:\Users\juanp\source\repos\Toy-Vision\tools\toy_model_export\.venv\Lib\site-packages\ultralytics\nn\modules\block.py:613:0
  %10288 : Float(1, 4, 1, 1, strides=[4, 1, 1, 1], requires_grad=0, device=cpu) = aten::unsqueeze(%10286, %11597), scope: ultralytics.nn.tasks.WorldModel::/ultralytics.nn.modules.block.C2fAttn::model.19/ultralytics.nn.modules.block.MaxSigmoidAttnBlock::attn # C:\Users\juanp\source\repos\Toy-Vision\tools\toy_model_export\.venv\Lib\site-packages\ultralytics\nn\modules\block.py:613:0
  %10290 : Float(1, 4, 40, 40, strides=[6400, 1600, 40, 1], requires_grad=0, device=cpu) = aten::add(%11518, %10288, %11594), scope: ultralytics.nn.tasks.WorldModel::/ultralytics.nn.modules.block.C2fAttn::model.19/ultralytics.nn.modules.block.MaxSigmoidAttnBlock::attn # C:\Users\juanp\source\repos\Toy-Vision\tools\toy_model_export\.venv\Lib\site-packages\ultralytics\nn\modules\block.py:613:0
  %10291 : Float(1, 4, 40, 40, strides=[6400, 1600, 40, 1], requires_grad=0, device=cpu) = aten::sigmoid(%10290), scope: ultralytics.nn.tasks.WorldModel::/ultralytics.nn.modules.block.C2fAttn::model.19/ultralytics.nn.modules.block.MaxSigmoidAttnBlock::attn # C:\Users\juanp\source\repos\Toy-Vision\tools\toy_model_export\.venv\Lib\site-packages\ultralytics\nn\modules\block.py:614:0
  %11612 : Double(device=cpu) = prim::Constant[value={1}]()
  %11520 : Float(1, 4, 40, 40, strides=[6400, 1600, 40, 1], requires_grad=0, device=cpu) = aten::mul(%10291, %11612), scope: ultralytics.nn.tasks.WorldModel::/ultralytics.nn.modules.block.C2fAttn::model.19/ultralytics.nn.modules.block.MaxSigmoidAttnBlock::attn # C:\Users\juanp\source\repos\Toy-Vision\tools\toy_model_export\.venv\Lib\site-packages\ultralytics\nn\modules\block.py:614:0
  %10312 : Float(1, 128, 40, 40, strides=[204800, 1600, 40, 1], requires_grad=0, device=cpu) = aten::_convolution(%11587, %model.19.attn.proj_conv.conv.weight, %model.19.attn.proj_conv.conv.bias, %11170, %11170, %11170, %11593, %11172, %11594, %11593, %11593, %11595, %11595), scope: ultralytics.nn.tasks.WorldModel::/ultralytics.nn.modules.block.C2fAttn::model.19/ultralytics.nn.modules.block.MaxSigmoidAttnBlock::attn/ultralytics.nn.modules.conv.Conv::proj_conv/torch.nn.modules.conv.Conv2d::conv # C:\Users\juanp\source\repos\Toy-Vision\tools\toy_model_export\.venv\Lib\site-packages\torch\nn\modules\conv.py:560:0
  %10316 : int[] = prim::ListConstruct(%10228, %11598, %11592, %10238, %10244), scope: ultralytics.nn.tasks.WorldModel::/ultralytics.nn.modules.block.C2fAttn::model.19/ultralytics.nn.modules.block.MaxSigmoidAttnBlock::attn
  %10317 : Float(1, 4, 32, 40, 40, strides=[204800, 51200, 1600, 40, 1], requires_grad=0, device=cpu) = aten::view(%10312, %10316), scope: ultralytics.nn.tasks.WorldModel::/ultralytics.nn.modules.block.C2fAttn::model.19/ultralytics.nn.modules.block.MaxSigmoidAttnBlock::attn # C:\Users\juanp\source\repos\Toy-Vision\tools\toy_model_export\.venv\Lib\site-packages\ultralytics\nn\modules\block.py:617:0
  %10319 : Float(1, 4, 1, 40, 40, strides=[6400, 1600, 1600, 40, 1], requires_grad=0, device=cpu) = aten::unsqueeze(%11520, %11596), scope: ultralytics.nn.tasks.WorldModel::/ultralytics.nn.modules.block.C2fAttn::model.19/ultralytics.nn.modules.block.MaxSigmoidAttnBlock::attn # C:\Users\juanp\source\repos\Toy-Vision\tools\toy_model_export\.venv\Lib\site-packages\ultralytics\nn\modules\block.py:618:0
  %10320 : Float(1, 4, 32, 40, 40, strides=[204800, 51200, 1600, 40, 1], requires_grad=0, device=cpu) = aten::mul(%10317, %10319), scope: ultralytics.nn.tasks.WorldModel::/ultralytics.nn.modules.block.C2fAttn::model.19/ultralytics.nn.modules.block.MaxSigmoidAttnBlock::attn # C:\Users\juanp\source\repos\Toy-Vision\tools\toy_model_export\.venv\Lib\site-packages\ultralytics\nn\modules\block.py:618:0
  %10322 : int[] = prim::ListConstruct(%10228, %11592, %10238, %10244), scope: ultralytics.nn.tasks.WorldModel::/ultralytics.nn.modules.block.C2fAttn::model.19/ultralytics.nn.modules.block.MaxSigmoidAttnBlock::attn
  %10323 : Float(1, 128, 40, 40, strides=[204800, 1600, 40, 1], requires_grad=0, device=cpu) = aten::view(%10320, %10322), scope: ultralytics.nn.tasks.WorldModel::/ultralytics.nn.modules.block.C2fAttn::model.19/ultralytics.nn.modules.block.MaxSigmoidAttnBlock::attn # C:\Users\juanp\source\repos\Toy-Vision\tools\toy_model_export\.venv\Lib\site-packages\ultralytics\nn\modules\block.py:619:0
  %10324 : Tensor[] = prim::ListConstruct(%11515, %11516, %11587, %10323), scope: ultralytics.nn.tasks.WorldModel::/ultralytics.nn.modules.block.C2fAttn::model.19
  %input.175 : Float(1, 512, 40, 40, strides=[819200, 1600, 40, 1], requires_grad=0, device=cpu) = aten::cat(%10324, %11594), scope: ultralytics.nn.tasks.WorldModel::/ultralytics.nn.modules.block.C2fAttn::model.19 # C:\Users\juanp\source\repos\Toy-Vision\tools\toy_model_export\.venv\Lib\site-packages\ultralytics\nn\modules\block.py:670:0
  %input.177 : Float(1, 256, 40, 40, strides=[409600, 1600, 40, 1], requires_grad=0, device=cpu) = aten::_convolution(%input.175, %model.19.cv2.conv.weight, %model.19.cv2.conv.bias, %11170, %11172, %11170, %11593, %11172, %11594, %11593, %11593, %11595, %11595), scope: ultralytics.nn.tasks.WorldModel::/ultralytics.nn.modules.block.C2fAttn::model.19/ultralytics.nn.modules.conv.Conv::cv2/torch.nn.modules.conv.Conv2d::conv # C:\Users\juanp\source\repos\Toy-Vision\tools\toy_model_export\.venv\Lib\site-packages\torch\nn\modules\conv.py:560:0
  %11568 : Float(1, 256, 40, 40, strides=[409600, 1600, 40, 1], requires_grad=0, device=cpu) = aten::silu(%input.177), scope: ultralytics.nn.tasks.WorldModel::/ultralytics.nn.modules.block.C2fAttn::model.19/ultralytics.nn.modules.conv.Conv::cv2/torch.nn.modules.activation.SiLU::act # C:\Users\juanp\source\repos\Toy-Vision\tools\toy_model_export\.venv\Lib\site-packages\torch\nn\functional.py:2396:0
  %input.181 : Float(1, 256, 20, 20, strides=[102400, 400, 20, 1], requires_grad=0, device=cpu) = aten::_convolution(%11568, %model.20.conv.weight, %model.20.conv.bias, %11169, %11170, %11170, %11593, %11172, %11594, %11593, %11593, %11595, %11595), scope: ultralytics.nn.tasks.WorldModel::/ultralytics.nn.modules.conv.Conv::model.20/torch.nn.modules.conv.Conv2d::conv # C:\Users\juanp\source\repos\Toy-Vision\tools\toy_model_export\.venv\Lib\site-packages\torch\nn\modules\conv.py:560:0
  %11569 : Float(1, 256, 20, 20, strides=[102400, 400, 20, 1], requires_grad=0, device=cpu) = aten::silu(%input.181), scope: ultralytics.nn.tasks.WorldModel::/ultralytics.nn.modules.conv.Conv::model.20/torch.nn.modules.activation.SiLU::act # C:\Users\juanp\source\repos\Toy-Vision\tools\toy_model_export\.venv\Lib\site-packages\torch\nn\functional.py:2396:0
  %10367 : Tensor[] = prim::ListConstruct(%11569, %11558), scope: ultralytics.nn.tasks.WorldModel::/ultralytics.nn.modules.conv.Concat::model.21
  %input.183 : Float(1, 768, 20, 20, strides=[307200, 400, 20, 1], requires_grad=0, device=cpu) = aten::cat(%10367, %11594), scope: ultralytics.nn.tasks.WorldModel::/ultralytics.nn.modules.conv.Concat::model.21 # C:\Users\juanp\source\repos\Toy-Vision\tools\toy_model_export\.venv\Lib\site-packages\ultralytics\nn\modules\conv.py:641:0
  %input.185 : Float(1, 512, 20, 20, strides=[204800, 400, 20, 1], requires_grad=0, device=cpu) = aten::_convolution(%input.183, %model.22.cv1.conv.weight, %model.22.cv1.conv.bias, %11170, %11172, %11170, %11593, %11172, %11594, %11593, %11593, %11595, %11595), scope: ultralytics.nn.tasks.WorldModel::/ultralytics.nn.modules.block.C2fAttn::model.22/ultralytics.nn.modules.conv.Conv::cv1/torch.nn.modules.conv.Conv2d::conv # C:\Users\juanp\source\repos\Toy-Vision\tools\toy_model_export\.venv\Lib\site-packages\torch\nn\modules\conv.py:560:0
  %11570 : Float(1, 512, 20, 20, strides=[204800, 400, 20, 1], requires_grad=0, device=cpu) = aten::silu(%input.185), scope: ultralytics.nn.tasks.WorldModel::/ultralytics.nn.modules.block.C2fAttn::model.22/ultralytics.nn.modules.conv.Conv::cv1/torch.nn.modules.activation.SiLU::act # C:\Users\juanp\source\repos\Toy-Vision\tools\toy_model_export\.venv\Lib\site-packages\torch\nn\functional.py:2396:0
  %11521 : Float(1, 256, 20, 20, strides=[204800, 400, 20, 1], requires_grad=0, device=cpu), %11522 : Float(1, 256, 20, 20, strides=[204800, 400, 20, 1], requires_grad=0, device=cpu) = prim::ConstantChunk[chunks=2, dim=1](%11570), scope: ultralytics.nn.tasks.WorldModel::/ultralytics.nn.modules.block.C2fAttn::model.22 # C:\Users\juanp\source\repos\Toy-Vision\tools\toy_model_export\.venv\Lib\site-packages\ultralytics\nn\modules\block.py:667:0
  %input.189 : Float(1, 256, 20, 20, strides=[102400, 400, 20, 1], requires_grad=0, device=cpu) = aten::_convolution(%11522, %model.22.m.0.cv1.conv.weight, %model.22.m.0.cv1.conv.bias, %11170, %11170, %11170, %11593, %11172, %11594, %11593, %11593, %11595, %11595), scope: ultralytics.nn.tasks.WorldModel::/ultralytics.nn.modules.block.C2fAttn::model.22/ultralytics.nn.modules.block.Bottleneck::m.0/ultralytics.nn.modules.conv.Conv::cv1/torch.nn.modules.conv.Conv2d::conv # C:\Users\juanp\source\repos\Toy-Vision\tools\toy_model_export\.venv\Lib\site-packages\torch\nn\modules\conv.py:560:0
  %11571 : Float(1, 256, 20, 20, strides=[102400, 400, 20, 1], requires_grad=0, device=cpu) = aten::silu(%input.189), scope: ultralytics.nn.tasks.WorldModel::/ultralytics.nn.modules.block.C2fAttn::model.22/ultralytics.nn.modules.block.Bottleneck::m.0/ultralytics.nn.modules.conv.Conv::cv1/torch.nn.modules.activation.SiLU::act # C:\Users\juanp\source\repos\Toy-Vision\tools\toy_model_export\.venv\Lib\site-packages\torch\nn\functional.py:2396:0
  %input.193 : Float(1, 256, 20, 20, strides=[102400, 400, 20, 1], requires_grad=0, device=cpu) = aten::_convolution(%11571, %model.22.m.0.cv2.conv.weight, %model.22.m.0.cv2.conv.bias, %11170, %11170, %11170, %11593, %11172, %11594, %11593, %11593, %11595, %11595), scope: ultralytics.nn.tasks.WorldModel::/ultralytics.nn.modules.block.C2fAttn::model.22/ultralytics.nn.modules.block.Bottleneck::m.0/ultralytics.nn.modules.conv.Conv::cv2/torch.nn.modules.conv.Conv2d::conv # C:\Users\juanp\source\repos\Toy-Vision\tools\toy_model_export\.venv\Lib\site-packages\torch\nn\modules\conv.py:560:0
  %11588 : Float(1, 256, 20, 20, strides=[102400, 400, 20, 1], requires_grad=0, device=cpu) = aten::silu(%input.193), scope: ultralytics.nn.tasks.WorldModel::/ultralytics.nn.modules.block.C2fAttn::model.22/ultralytics.nn.modules.block.Bottleneck::m.0/ultralytics.nn.modules.conv.Conv::cv2/torch.nn.modules.activation.SiLU::act # C:\Users\juanp\source\repos\Toy-Vision\tools\toy_model_export\.venv\Lib\site-packages\torch\nn\functional.py:2396:0
  %10436 : Long(device=cpu) = aten::size(%11588, %11591), scope: ultralytics.nn.tasks.WorldModel::/ultralytics.nn.modules.block.C2fAttn::model.22/ultralytics.nn.modules.block.MaxSigmoidAttnBlock::attn # C:\Users\juanp\source\repos\Toy-Vision\tools\toy_model_export\.venv\Lib\site-packages\ultralytics\nn\modules\block.py:603:0
  %10446 : Long(device=cpu) = aten::size(%11588, %11596), scope: ultralytics.nn.tasks.WorldModel::/ultralytics.nn.modules.block.C2fAttn::model.22/ultralytics.nn.modules.block.MaxSigmoidAttnBlock::attn # C:\Users\juanp\source\repos\Toy-Vision\tools\toy_model_export\.venv\Lib\site-packages\ultralytics\nn\modules\block.py:603:0
  %10452 : Long(device=cpu) = aten::size(%11588, %11597), scope: ultralytics.nn.tasks.WorldModel::/ultralytics.nn.modules.block.C2fAttn::model.22/ultralytics.nn.modules.block.MaxSigmoidAttnBlock::attn # C:\Users\juanp\source\repos\Toy-Vision\tools\toy_model_export\.venv\Lib\site-packages\ultralytics\nn\modules\block.py:603:0
  %10457 : Float(1, 20, 256, strides=[5120, 256, 1], requires_grad=0, device=cpu) = aten::linear(%10138, %model.22.attn.gl.weight, %model.22.attn.gl.bias), scope: ultralytics.nn.tasks.WorldModel::/ultralytics.nn.modules.block.C2fAttn::model.22/ultralytics.nn.modules.block.MaxSigmoidAttnBlock::attn/torch.nn.modules.linear.Linear::gl # C:\Users\juanp\source\repos\Toy-Vision\tools\toy_model_export\.venv\Lib\site-packages\torch\nn\modules\linear.py:134:0
  %10462 : Long(device=cpu) = aten::size(%10457, %11594), scope: ultralytics.nn.tasks.WorldModel::/ultralytics.nn.modules.block.C2fAttn::model.22/ultralytics.nn.modules.block.MaxSigmoidAttnBlock::attn # C:\Users\juanp\source\repos\Toy-Vision\tools\toy_model_export\.venv\Lib\site-packages\ultralytics\nn\modules\block.py:606:0
  %10470 : int[] = prim::ListConstruct(%10436, %10462, %11607, %11599), scope: ultralytics.nn.tasks.WorldModel::/ultralytics.nn.modules.block.C2fAttn::model.22/ultralytics.nn.modules.block.MaxSigmoidAttnBlock::attn
  %guide : Float(1, 20, 8, 32, strides=[5120, 256, 32, 1], requires_grad=0, device=cpu) = aten::view(%10457, %10470), scope: ultralytics.nn.tasks.WorldModel::/ultralytics.nn.modules.block.C2fAttn::model.22/ultralytics.nn.modules.block.MaxSigmoidAttnBlock::attn # C:\Users\juanp\source\repos\Toy-Vision\tools\toy_model_export\.venv\Lib\site-packages\ultralytics\nn\modules\block.py:606:0
  %10474 : int[] = prim::ListConstruct(%10436, %11607, %11599, %10446, %10452), scope: ultralytics.nn.tasks.WorldModel::/ultralytics.nn.modules.block.C2fAttn::model.22/ultralytics.nn.modules.block.MaxSigmoidAttnBlock::attn
  %embed : Float(1, 8, 32, 20, 20, strides=[102400, 12800, 400, 20, 1], requires_grad=0, device=cpu) = aten::view(%11588, %10474), scope: ultralytics.nn.tasks.WorldModel::/ultralytics.nn.modules.block.C2fAttn::model.22/ultralytics.nn.modules.block.MaxSigmoidAttnBlock::attn # C:\Users\juanp\source\repos\Toy-Vision\tools\toy_model_export\.venv\Lib\site-packages\ultralytics\nn\modules\block.py:608:0
  %10477 : Tensor[] = prim::ListConstruct(%embed, %guide), scope: ultralytics.nn.tasks.WorldModel::/ultralytics.nn.modules.block.C2fAttn::model.22/ultralytics.nn.modules.block.MaxSigmoidAttnBlock::attn
  %10479 : Float(1, 8, 20, 20, 20, strides=[64000, 8000, 400, 20, 1], requires_grad=0, device=cpu) = aten::einsum(%9667, %10477, %8922), scope: ultralytics.nn.tasks.WorldModel::/ultralytics.nn.modules.block.C2fAttn::model.22/ultralytics.nn.modules.block.MaxSigmoidAttnBlock::attn # C:\Users\juanp\source\repos\Toy-Vision\tools\toy_model_export\.venv\Lib\site-packages\torch\functional.py:373:0
  %10482 : Float(1, 8, 20, 20, strides=[3200, 400, 20, 1], requires_grad=0, device=cpu), %10483 : Long(1, 8, 20, 20, strides=[3200, 400, 20, 1], requires_grad=0, device=cpu) = aten::max(%10479, %11592, %11593), scope: ultralytics.nn.tasks.WorldModel::/ultralytics.nn.modules.block.C2fAttn::model.22/ultralytics.nn.modules.block.MaxSigmoidAttnBlock::attn # C:\Users\juanp\source\repos\Toy-Vision\tools\toy_model_export\.venv\Lib\site-packages\ultralytics\nn\modules\block.py:611:0
  %11613 : Double(device=cpu) = prim::Constant[value={5.65685}]()
  %11524 : Float(1, 8, 20, 20, strides=[3200, 400, 20, 1], requires_grad=0, device=cpu) = aten::div(%10482, %11613), scope: ultralytics.nn.tasks.WorldModel::/ultralytics.nn.modules.block.C2fAttn::model.22/ultralytics.nn.modules.block.MaxSigmoidAttnBlock::attn # C:\Users\juanp\source\repos\Toy-Vision\tools\toy_model_export\.venv\Lib\site-packages\ultralytics\nn\modules\block.py:612:0
  %10487 : Float(1, 8, strides=[8, 1], requires_grad=0, device=cpu) = aten::unsqueeze(%model.22.attn.bias, %11591), scope: ultralytics.nn.tasks.WorldModel::/ultralytics.nn.modules.block.C2fAttn::model.22/ultralytics.nn.modules.block.MaxSigmoidAttnBlock::attn # C:\Users\juanp\source\repos\Toy-Vision\tools\toy_model_export\.venv\Lib\site-packages\ultralytics\nn\modules\block.py:613:0
  %10492 : Float(1, 8, strides=[8, 1], requires_grad=0, device=cpu) = aten::slice(%10487, %11594, %11591, %11601, %11594), scope: ultralytics.nn.tasks.WorldModel::/ultralytics.nn.modules.block.C2fAttn::model.22/ultralytics.nn.modules.block.MaxSigmoidAttnBlock::attn # C:\Users\juanp\source\repos\Toy-Vision\tools\toy_model_export\.venv\Lib\site-packages\ultralytics\nn\modules\block.py:613:0
  %10494 : Float(1, 8, 1, strides=[8, 1, 1], requires_grad=0, device=cpu) = aten::unsqueeze(%10492, %11596), scope: ultralytics.nn.tasks.WorldModel::/ultralytics.nn.modules.block.C2fAttn::model.22/ultralytics.nn.modules.block.MaxSigmoidAttnBlock::attn # C:\Users\juanp\source\repos\Toy-Vision\tools\toy_model_export\.venv\Lib\site-packages\ultralytics\nn\modules\block.py:613:0
  %10496 : Float(1, 8, 1, 1, strides=[8, 1, 1, 1], requires_grad=0, device=cpu) = aten::unsqueeze(%10494, %11597), scope: ultralytics.nn.tasks.WorldModel::/ultralytics.nn.modules.block.C2fAttn::model.22/ultralytics.nn.modules.block.MaxSigmoidAttnBlock::attn # C:\Users\juanp\source\repos\Toy-Vision\tools\toy_model_export\.venv\Lib\site-packages\ultralytics\nn\modules\block.py:613:0
  %10498 : Float(1, 8, 20, 20, strides=[3200, 400, 20, 1], requires_grad=0, device=cpu) = aten::add(%11524, %10496, %11594), scope: ultralytics.nn.tasks.WorldModel::/ultralytics.nn.modules.block.C2fAttn::model.22/ultralytics.nn.modules.block.MaxSigmoidAttnBlock::attn # C:\Users\juanp\source\repos\Toy-Vision\tools\toy_model_export\.venv\Lib\site-packages\ultralytics\nn\modules\block.py:613:0
  %10499 : Float(1, 8, 20, 20, strides=[3200, 400, 20, 1], requires_grad=0, device=cpu) = aten::sigmoid(%10498), scope: ultralytics.nn.tasks.WorldModel::/ultralytics.nn.modules.block.C2fAttn::model.22/ultralytics.nn.modules.block.MaxSigmoidAttnBlock::attn # C:\Users\juanp\source\repos\Toy-Vision\tools\toy_model_export\.venv\Lib\site-packages\ultralytics\nn\modules\block.py:614:0
  %11614 : Double(device=cpu) = prim::Constant[value={1}]()
  %11526 : Float(1, 8, 20, 20, strides=[3200, 400, 20, 1], requires_grad=0, device=cpu) = aten::mul(%10499, %11614), scope: ultralytics.nn.tasks.WorldModel::/ultralytics.nn.modules.block.C2fAttn::model.22/ultralytics.nn.modules.block.MaxSigmoidAttnBlock::attn # C:\Users\juanp\source\repos\Toy-Vision\tools\toy_model_export\.venv\Lib\site-packages\ultralytics\nn\modules\block.py:614:0
  %10520 : Float(1, 256, 20, 20, strides=[102400, 400, 20, 1], requires_grad=0, device=cpu) = aten::_convolution(%11588, %model.22.attn.proj_conv.conv.weight, %model.22.attn.proj_conv.conv.bias, %11170, %11170, %11170, %11593, %11172, %11594, %11593, %11593, %11595, %11595), scope: ultralytics.nn.tasks.WorldModel::/ultralytics.nn.modules.block.C2fAttn::model.22/ultralytics.nn.modules.block.MaxSigmoidAttnBlock::attn/ultralytics.nn.modules.conv.Conv::proj_conv/torch.nn.modules.conv.Conv2d::conv # C:\Users\juanp\source\repos\Toy-Vision\tools\toy_model_export\.venv\Lib\site-packages\torch\nn\modules\conv.py:560:0
  %10524 : int[] = prim::ListConstruct(%10436, %11607, %11592, %10446, %10452), scope: ultralytics.nn.tasks.WorldModel::/ultralytics.nn.modules.block.C2fAttn::model.22/ultralytics.nn.modules.block.MaxSigmoidAttnBlock::attn
  %10525 : Float(1, 8, 32, 20, 20, strides=[102400, 12800, 400, 20, 1], requires_grad=0, device=cpu) = aten::view(%10520, %10524), scope: ultralytics.nn.tasks.WorldModel::/ultralytics.nn.modules.block.C2fAttn::model.22/ultralytics.nn.modules.block.MaxSigmoidAttnBlock::attn # C:\Users\juanp\source\repos\Toy-Vision\tools\toy_model_export\.venv\Lib\site-packages\ultralytics\nn\modules\block.py:617:0
  %10527 : Float(1, 8, 1, 20, 20, strides=[3200, 400, 400, 20, 1], requires_grad=0, device=cpu) = aten::unsqueeze(%11526, %11596), scope: ultralytics.nn.tasks.WorldModel::/ultralytics.nn.modules.block.C2fAttn::model.22/ultralytics.nn.modules.block.MaxSigmoidAttnBlock::attn # C:\Users\juanp\source\repos\Toy-Vision\tools\toy_model_export\.venv\Lib\site-packages\ultralytics\nn\modules\block.py:618:0
  %10528 : Float(1, 8, 32, 20, 20, strides=[102400, 12800, 400, 20, 1], requires_grad=0, device=cpu) = aten::mul(%10525, %10527), scope: ultralytics.nn.tasks.WorldModel::/ultralytics.nn.modules.block.C2fAttn::model.22/ultralytics.nn.modules.block.MaxSigmoidAttnBlock::attn # C:\Users\juanp\source\repos\Toy-Vision\tools\toy_model_export\.venv\Lib\site-packages\ultralytics\nn\modules\block.py:618:0
  %10530 : int[] = prim::ListConstruct(%10436, %11592, %10446, %10452), scope: ultralytics.nn.tasks.WorldModel::/ultralytics.nn.modules.block.C2fAttn::model.22/ultralytics.nn.modules.block.MaxSigmoidAttnBlock::attn
  %10531 : Float(1, 256, 20, 20, strides=[102400, 400, 20, 1], requires_grad=0, device=cpu) = aten::view(%10528, %10530), scope: ultralytics.nn.tasks.WorldModel::/ultralytics.nn.modules.block.C2fAttn::model.22/ultralytics.nn.modules.block.MaxSigmoidAttnBlock::attn # C:\Users\juanp\source\repos\Toy-Vision\tools\toy_model_export\.venv\Lib\site-packages\ultralytics\nn\modules\block.py:619:0
  %10532 : Tensor[] = prim::ListConstruct(%11521, %11522, %11588, %10531), scope: ultralytics.nn.tasks.WorldModel::/ultralytics.nn.modules.block.C2fAttn::model.22
  %input.197 : Float(1, 1024, 20, 20, strides=[409600, 400, 20, 1], requires_grad=0, device=cpu) = aten::cat(%10532, %11594), scope: ultralytics.nn.tasks.WorldModel::/ultralytics.nn.modules.block.C2fAttn::model.22 # C:\Users\juanp\source\repos\Toy-Vision\tools\toy_model_export\.venv\Lib\site-packages\ultralytics\nn\modules\block.py:670:0
  %input.199 : Float(1, 512, 20, 20, strides=[204800, 400, 20, 1], requires_grad=0, device=cpu) = aten::_convolution(%input.197, %model.22.cv2.conv.weight, %model.22.cv2.conv.bias, %11170, %11172, %11170, %11593, %11172, %11594, %11593, %11593, %11595, %11595), scope: ultralytics.nn.tasks.WorldModel::/ultralytics.nn.modules.block.C2fAttn::model.22/ultralytics.nn.modules.conv.Conv::cv2/torch.nn.modules.conv.Conv2d::conv # C:\Users\juanp\source\repos\Toy-Vision\tools\toy_model_export\.venv\Lib\site-packages\torch\nn\modules\conv.py:560:0
  %11572 : Float(1, 512, 20, 20, strides=[204800, 400, 20, 1], requires_grad=0, device=cpu) = aten::silu(%input.199), scope: ultralytics.nn.tasks.WorldModel::/ultralytics.nn.modules.block.C2fAttn::model.22/ultralytics.nn.modules.conv.Conv::cv2/torch.nn.modules.activation.SiLU::act # C:\Users\juanp\source\repos\Toy-Vision\tools\toy_model_export\.venv\Lib\site-packages\torch\nn\functional.py:2396:0
  %input.201 : Float(1, 64, 80, 80, strides=[409600, 6400, 80, 1], requires_grad=0, device=cpu) = aten::_convolution(%11564, %model.23.cv2.0.0.conv.weight, %model.23.cv2.0.0.conv.bias, %11170, %11170, %11170, %11593, %11172, %11594, %11593, %11593, %11595, %11595), scope: ultralytics.nn.tasks.WorldModel::/ultralytics.nn.modules.head.WorldDetect::model.23/torch.nn.modules.container.Sequential::cv2.0/ultralytics.nn.modules.conv.Conv::cv2.0.0/torch.nn.modules.conv.Conv2d::conv # C:\Users\juanp\source\repos\Toy-Vision\tools\toy_model_export\.venv\Lib\site-packages\torch\nn\modules\conv.py:560:0
  %11573 : Float(1, 64, 80, 80, strides=[409600, 6400, 80, 1], requires_grad=0, device=cpu) = aten::silu(%input.201), scope: ultralytics.nn.tasks.WorldModel::/ultralytics.nn.modules.head.WorldDetect::model.23/torch.nn.modules.container.Sequential::cv2.0/ultralytics.nn.modules.conv.Conv::cv2.0.0/torch.nn.modules.activation.SiLU::act # C:\Users\juanp\source\repos\Toy-Vision\tools\toy_model_export\.venv\Lib\site-packages\torch\nn\functional.py:2396:0
  %input.205 : Float(1, 64, 80, 80, strides=[409600, 6400, 80, 1], requires_grad=0, device=cpu) = aten::_convolution(%11573, %model.23.cv2.0.1.conv.weight, %model.23.cv2.0.1.conv.bias, %11170, %11170, %11170, %11593, %11172, %11594, %11593, %11593, %11595, %11595), scope: ultralytics.nn.tasks.WorldModel::/ultralytics.nn.modules.head.WorldDetect::model.23/torch.nn.modules.container.Sequential::cv2.0/ultralytics.nn.modules.conv.Conv::cv2.0.1/torch.nn.modules.conv.Conv2d::conv # C:\Users\juanp\source\repos\Toy-Vision\tools\toy_model_export\.venv\Lib\site-packages\torch\nn\modules\conv.py:560:0
  %11574 : Float(1, 64, 80, 80, strides=[409600, 6400, 80, 1], requires_grad=0, device=cpu) = aten::silu(%input.205), scope: ultralytics.nn.tasks.WorldModel::/ultralytics.nn.modules.head.WorldDetect::model.23/torch.nn.modules.container.Sequential::cv2.0/ultralytics.nn.modules.conv.Conv::cv2.0.1/torch.nn.modules.activation.SiLU::act # C:\Users\juanp\source\repos\Toy-Vision\tools\toy_model_export\.venv\Lib\site-packages\torch\nn\functional.py:2396:0
  %10619 : Float(1, 64, 80, 80, strides=[409600, 6400, 80, 1], requires_grad=0, device=cpu) = aten::_convolution(%11574, %model.23.cv2.0.2.weight, %model.23.cv2.0.2.bias, %11170, %11172, %11170, %11593, %11172, %11594, %11593, %11593, %11595, %11595), scope: ultralytics.nn.tasks.WorldModel::/ultralytics.nn.modules.head.WorldDetect::model.23/torch.nn.modules.container.Sequential::cv2.0/torch.nn.modules.conv.Conv2d::cv2.0.2 # C:\Users\juanp\source\repos\Toy-Vision\tools\toy_model_export\.venv\Lib\site-packages\torch\nn\modules\conv.py:560:0
  %input.209 : Float(1, 128, 80, 80, strides=[819200, 6400, 80, 1], requires_grad=0, device=cpu) = aten::_convolution(%11564, %model.23.cv3.0.0.conv.weight, %model.23.cv3.0.0.conv.bias, %11170, %11170, %11170, %11593, %11172, %11594, %11593, %11593, %11595, %11595), scope: ultralytics.nn.tasks.WorldModel::/ultralytics.nn.modules.head.WorldDetect::model.23/torch.nn.modules.container.Sequential::cv3.0/ultralytics.nn.modules.conv.Conv::cv3.0.0/torch.nn.modules.conv.Conv2d::conv # C:\Users\juanp\source\repos\Toy-Vision\tools\toy_model_export\.venv\Lib\site-packages\torch\nn\modules\conv.py:560:0
  %11575 : Float(1, 128, 80, 80, strides=[819200, 6400, 80, 1], requires_grad=0, device=cpu) = aten::silu(%input.209), scope: ultralytics.nn.tasks.WorldModel::/ultralytics.nn.modules.head.WorldDetect::model.23/torch.nn.modules.container.Sequential::cv3.0/ultralytics.nn.modules.conv.Conv::cv3.0.0/torch.nn.modules.activation.SiLU::act # C:\Users\juanp\source\repos\Toy-Vision\tools\toy_model_export\.venv\Lib\site-packages\torch\nn\functional.py:2396:0
  %input.213 : Float(1, 128, 80, 80, strides=[819200, 6400, 80, 1], requires_grad=0, device=cpu) = aten::_convolution(%11575, %model.23.cv3.0.1.conv.weight, %model.23.cv3.0.1.conv.bias, %11170, %11170, %11170, %11593, %11172, %11594, %11593, %11593, %11595, %11595), scope: ultralytics.nn.tasks.WorldModel::/ultralytics.nn.modules.head.WorldDetect::model.23/torch.nn.modules.container.Sequential::cv3.0/ultralytics.nn.modules.conv.Conv::cv3.0.1/torch.nn.modules.conv.Conv2d::conv # C:\Users\juanp\source\repos\Toy-Vision\tools\toy_model_export\.venv\Lib\site-packages\torch\nn\modules\conv.py:560:0
  %11576 : Float(1, 128, 80, 80, strides=[819200, 6400, 80, 1], requires_grad=0, device=cpu) = aten::silu(%input.213), scope: ultralytics.nn.tasks.WorldModel::/ultralytics.nn.modules.head.WorldDetect::model.23/torch.nn.modules.container.Sequential::cv3.0/ultralytics.nn.modules.conv.Conv::cv3.0.1/torch.nn.modules.activation.SiLU::act # C:\Users\juanp\source\repos\Toy-Vision\tools\toy_model_export\.venv\Lib\site-packages\torch\nn\functional.py:2396:0
  %x.3 : Float(1, 512, 80, 80, strides=[3276800, 6400, 80, 1], requires_grad=0, device=cpu) = aten::_convolution(%11576, %model.23.cv3.0.2.weight, %model.23.cv3.0.2.bias, %11170, %11172, %11170, %11593, %11172, %11594, %11593, %11593, %11595, %11595), scope: ultralytics.nn.tasks.WorldModel::/ultralytics.nn.modules.head.WorldDetect::model.23/torch.nn.modules.container.Sequential::cv3.0/torch.nn.modules.conv.Conv2d::cv3.0.2 # C:\Users\juanp\source\repos\Toy-Vision\tools\toy_model_export\.venv\Lib\site-packages\torch\nn\modules\conv.py:560:0
  %11421 : int[] = prim::Constant[value=[1]]()
  %10684 : Float(1, 1, 80, 80, strides=[6400, 6400, 80, 1], requires_grad=0, device=cpu) = aten::linalg_vector_norm(%x.3, %11596, %11421, %11595, %8922), scope: ultralytics.nn.tasks.WorldModel::/ultralytics.nn.modules.head.WorldDetect::model.23/ultralytics.nn.modules.block.ContrastiveHead::cv4.0 # C:\Users\juanp\source\repos\Toy-Vision\tools\toy_model_export\.venv\Lib\site-packages\torch\functional.py:1839:0
  %11615 : Double(device=cpu) = prim::Constant[value={1e-12}](), scope: ultralytics.nn.tasks.WorldModel::/ultralytics.nn.modules.head.WorldDetect::model.23/ultralytics.nn.modules.block.ContrastiveHead::cv4.0
  %10686 : Float(1, 1, 80, 80, strides=[6400, 6400, 80, 1], requires_grad=0, device=cpu) = aten::clamp_min(%10684, %11615), scope: ultralytics.nn.tasks.WorldModel::/ultralytics.nn.modules.head.WorldDetect::model.23/ultralytics.nn.modules.block.ContrastiveHead::cv4.0 # C:\Users\juanp\source\repos\Toy-Vision\tools\toy_model_export\.venv\Lib\site-packages\torch\nn\functional.py:5739:0
  %10687 : Float(1, 512, 80, 80, strides=[6400, 0, 80, 1], requires_grad=0, device=cpu) = aten::expand_as(%10686, %x.3), scope: ultralytics.nn.tasks.WorldModel::/ultralytics.nn.modules.head.WorldDetect::model.23/ultralytics.nn.modules.block.ContrastiveHead::cv4.0 # C:\Users\juanp\source\repos\Toy-Vision\tools\toy_model_export\.venv\Lib\site-packages\torch\nn\functional.py:5739:0
  %x.5 : Float(1, 512, 80, 80, strides=[3276800, 6400, 80, 1], requires_grad=0, device=cpu) = aten::div(%x.3, %10687), scope: ultralytics.nn.tasks.WorldModel::/ultralytics.nn.modules.head.WorldDetect::model.23/ultralytics.nn.modules.block.ContrastiveHead::cv4.0 # C:\Users\juanp\source\repos\Toy-Vision\tools\toy_model_export\.venv\Lib\site-packages\torch\nn\functional.py:5740:0
  %11422 : int[] = prim::Constant[value=[-1]]()
  %10694 : Float(1, 20, 1, strides=[20, 1, 1], requires_grad=0, device=cpu) = aten::linalg_vector_norm(%w.1, %11596, %11422, %11595, %8922), scope: ultralytics.nn.tasks.WorldModel::/ultralytics.nn.modules.head.WorldDetect::model.23/ultralytics.nn.modules.block.ContrastiveHead::cv4.0 # C:\Users\juanp\source\repos\Toy-Vision\tools\toy_model_export\.venv\Lib\site-packages\torch\functional.py:1839:0
  %10696 : Float(1, 20, 1, strides=[20, 1, 1], requires_grad=0, device=cpu) = aten::clamp_min(%10694, %11615), scope: ultralytics.nn.tasks.WorldModel::/ultralytics.nn.modules.head.WorldDetect::model.23/ultralytics.nn.modules.block.ContrastiveHead::cv4.0 # C:\Users\juanp\source\repos\Toy-Vision\tools\toy_model_export\.venv\Lib\site-packages\torch\nn\functional.py:5739:0
  %10697 : Float(1, 20, 512, strides=[20, 1, 0], requires_grad=0, device=cpu) = aten::expand_as(%10696, %w.1), scope: ultralytics.nn.tasks.WorldModel::/ultralytics.nn.modules.head.WorldDetect::model.23/ultralytics.nn.modules.block.ContrastiveHead::cv4.0 # C:\Users\juanp\source\repos\Toy-Vision\tools\toy_model_export\.venv\Lib\site-packages\torch\nn\functional.py:5739:0
  %w.3 : Float(1, 20, 512, strides=[10240, 512, 1], requires_grad=0, device=cpu) = aten::div(%w.1, %10697), scope: ultralytics.nn.tasks.WorldModel::/ultralytics.nn.modules.head.WorldDetect::model.23/ultralytics.nn.modules.block.ContrastiveHead::cv4.0 # C:\Users\juanp\source\repos\Toy-Vision\tools\toy_model_export\.venv\Lib\site-packages\torch\nn\functional.py:5740:0
  %10699 : str = prim::Constant[value="bchw,bkc->bkhw"](), scope: ultralytics.nn.tasks.WorldModel::/ultralytics.nn.modules.head.WorldDetect::model.23/ultralytics.nn.modules.block.ContrastiveHead::cv4.0 # C:\Users\juanp\source\repos\Toy-Vision\tools\toy_model_export\.venv\Lib\site-packages\torch\functional.py:373:0
  %10700 : Tensor[] = prim::ListConstruct(%x.5, %w.3), scope: ultralytics.nn.tasks.WorldModel::/ultralytics.nn.modules.head.WorldDetect::model.23/ultralytics.nn.modules.block.ContrastiveHead::cv4.0
  %10702 : Float(1, 20, 80, 80, strides=[128000, 6400, 80, 1], requires_grad=0, device=cpu) = aten::einsum(%10699, %10700, %8922), scope: ultralytics.nn.tasks.WorldModel::/ultralytics.nn.modules.head.WorldDetect::model.23/ultralytics.nn.modules.block.ContrastiveHead::cv4.0 # C:\Users\juanp\source\repos\Toy-Vision\tools\toy_model_export\.venv\Lib\site-packages\torch\functional.py:373:0
  %10703 : Float(requires_grad=0, device=cpu) = aten::exp(%model.23.cv4.0.logit_scale), scope: ultralytics.nn.tasks.WorldModel::/ultralytics.nn.modules.head.WorldDetect::model.23/ultralytics.nn.modules.block.ContrastiveHead::cv4.0 # C:\Users\juanp\source\repos\Toy-Vision\tools\toy_model_export\.venv\Lib\site-packages\ultralytics\nn\modules\block.py:776:0
  %10704 : Float(1, 20, 80, 80, strides=[128000, 6400, 80, 1], requires_grad=0, device=cpu) = aten::mul(%10702, %10703), scope: ultralytics.nn.tasks.WorldModel::/ultralytics.nn.modules.head.WorldDetect::model.23/ultralytics.nn.modules.block.ContrastiveHead::cv4.0 # C:\Users\juanp\source\repos\Toy-Vision\tools\toy_model_export\.venv\Lib\site-packages\ultralytics\nn\modules\block.py:776:0
  %10706 : Float(1, 20, 80, 80, strides=[128000, 6400, 80, 1], requires_grad=0, device=cpu) = aten::add(%10704, %model.23.cv4.0.bias, %11594), scope: ultralytics.nn.tasks.WorldModel::/ultralytics.nn.modules.head.WorldDetect::model.23/ultralytics.nn.modules.block.ContrastiveHead::cv4.0 # C:\Users\juanp\source\repos\Toy-Vision\tools\toy_model_export\.venv\Lib\site-packages\ultralytics\nn\modules\block.py:776:0
  %10707 : Tensor[] = prim::ListConstruct(%10619, %10706), scope: ultralytics.nn.tasks.WorldModel::/ultralytics.nn.modules.head.WorldDetect::model.23
  %10709 : Float(1, 84, 80, 80, strides=[537600, 6400, 80, 1], requires_grad=0, device=cpu) = aten::cat(%10707, %11594), scope: ultralytics.nn.tasks.WorldModel::/ultralytics.nn.modules.head.WorldDetect::model.23 # C:\Users\juanp\source\repos\Toy-Vision\tools\toy_model_export\.venv\Lib\site-packages\ultralytics\nn\modules\head.py:886:0
  %input.217 : Float(1, 64, 40, 40, strides=[102400, 1600, 40, 1], requires_grad=0, device=cpu) = aten::_convolution(%11568, %model.23.cv2.1.0.conv.weight, %model.23.cv2.1.0.conv.bias, %11170, %11170, %11170, %11593, %11172, %11594, %11593, %11593, %11595, %11595), scope: ultralytics.nn.tasks.WorldModel::/ultralytics.nn.modules.head.WorldDetect::model.23/torch.nn.modules.container.Sequential::cv2.1/ultralytics.nn.modules.conv.Conv::cv2.1.0/torch.nn.modules.conv.Conv2d::conv # C:\Users\juanp\source\repos\Toy-Vision\tools\toy_model_export\.venv\Lib\site-packages\torch\nn\modules\conv.py:560:0
  %11577 : Float(1, 64, 40, 40, strides=[102400, 1600, 40, 1], requires_grad=0, device=cpu) = aten::silu(%input.217), scope: ultralytics.nn.tasks.WorldModel::/ultralytics.nn.modules.head.WorldDetect::model.23/torch.nn.modules.container.Sequential::cv2.1/ultralytics.nn.modules.conv.Conv::cv2.1.0/torch.nn.modules.activation.SiLU::act # C:\Users\juanp\source\repos\Toy-Vision\tools\toy_model_export\.venv\Lib\site-packages\torch\nn\functional.py:2396:0
  %input.221 : Float(1, 64, 40, 40, strides=[102400, 1600, 40, 1], requires_grad=0, device=cpu) = aten::_convolution(%11577, %model.23.cv2.1.1.conv.weight, %model.23.cv2.1.1.conv.bias, %11170, %11170, %11170, %11593, %11172, %11594, %11593, %11593, %11595, %11595), scope: ultralytics.nn.tasks.WorldModel::/ultralytics.nn.modules.head.WorldDetect::model.23/torch.nn.modules.container.Sequential::cv2.1/ultralytics.nn.modules.conv.Conv::cv2.1.1/torch.nn.modules.conv.Conv2d::conv # C:\Users\juanp\source\repos\Toy-Vision\tools\toy_model_export\.venv\Lib\site-packages\torch\nn\modules\conv.py:560:0
  %11578 : Float(1, 64, 40, 40, strides=[102400, 1600, 40, 1], requires_grad=0, device=cpu) = aten::silu(%input.221), scope: ultralytics.nn.tasks.WorldModel::/ultralytics.nn.modules.head.WorldDetect::model.23/torch.nn.modules.container.Sequential::cv2.1/ultralytics.nn.modules.conv.Conv::cv2.1.1/torch.nn.modules.activation.SiLU::act # C:\Users\juanp\source\repos\Toy-Vision\tools\toy_model_export\.venv\Lib\site-packages\torch\nn\functional.py:2396:0
  %10768 : Float(1, 64, 40, 40, strides=[102400, 1600, 40, 1], requires_grad=0, device=cpu) = aten::_convolution(%11578, %model.23.cv2.1.2.weight, %model.23.cv2.1.2.bias, %11170, %11172, %11170, %11593, %11172, %11594, %11593, %11593, %11595, %11595), scope: ultralytics.nn.tasks.WorldModel::/ultralytics.nn.modules.head.WorldDetect::model.23/torch.nn.modules.container.Sequential::cv2.1/torch.nn.modules.conv.Conv2d::cv2.1.2 # C:\Users\juanp\source\repos\Toy-Vision\tools\toy_model_export\.venv\Lib\site-packages\torch\nn\modules\conv.py:560:0
  %input.225 : Float(1, 128, 40, 40, strides=[204800, 1600, 40, 1], requires_grad=0, device=cpu) = aten::_convolution(%11568, %model.23.cv3.1.0.conv.weight, %model.23.cv3.1.0.conv.bias, %11170, %11170, %11170, %11593, %11172, %11594, %11593, %11593, %11595, %11595), scope: ultralytics.nn.tasks.WorldModel::/ultralytics.nn.modules.head.WorldDetect::model.23/torch.nn.modules.container.Sequential::cv3.1/ultralytics.nn.modules.conv.Conv::cv3.1.0/torch.nn.modules.conv.Conv2d::conv # C:\Users\juanp\source\repos\Toy-Vision\tools\toy_model_export\.venv\Lib\site-packages\torch\nn\modules\conv.py:560:0
  %11579 : Float(1, 128, 40, 40, strides=[204800, 1600, 40, 1], requires_grad=0, device=cpu) = aten::silu(%input.225), scope: ultralytics.nn.tasks.WorldModel::/ultralytics.nn.modules.head.WorldDetect::model.23/torch.nn.modules.container.Sequential::cv3.1/ultralytics.nn.modules.conv.Conv::cv3.1.0/torch.nn.modules.activation.SiLU::act # C:\Users\juanp\source\repos\Toy-Vision\tools\toy_model_export\.venv\Lib\site-packages\torch\nn\functional.py:2396:0
  %input.229 : Float(1, 128, 40, 40, strides=[204800, 1600, 40, 1], requires_grad=0, device=cpu) = aten::_convolution(%11579, %model.23.cv3.1.1.conv.weight, %model.23.cv3.1.1.conv.bias, %11170, %11170, %11170, %11593, %11172, %11594, %11593, %11593, %11595, %11595), scope: ultralytics.nn.tasks.WorldModel::/ultralytics.nn.modules.head.WorldDetect::model.23/torch.nn.modules.container.Sequential::cv3.1/ultralytics.nn.modules.conv.Conv::cv3.1.1/torch.nn.modules.conv.Conv2d::conv # C:\Users\juanp\source\repos\Toy-Vision\tools\toy_model_export\.venv\Lib\site-packages\torch\nn\modules\conv.py:560:0
  %11580 : Float(1, 128, 40, 40, strides=[204800, 1600, 40, 1], requires_grad=0, device=cpu) = aten::silu(%input.229), scope: ultralytics.nn.tasks.WorldModel::/ultralytics.nn.modules.head.WorldDetect::model.23/torch.nn.modules.container.Sequential::cv3.1/ultralytics.nn.modules.conv.Conv::cv3.1.1/torch.nn.modules.activation.SiLU::act # C:\Users\juanp\source\repos\Toy-Vision\tools\toy_model_export\.venv\Lib\site-packages\torch\nn\functional.py:2396:0
  %x.7 : Float(1, 512, 40, 40, strides=[819200, 1600, 40, 1], requires_grad=0, device=cpu) = aten::_convolution(%11580, %model.23.cv3.1.2.weight, %model.23.cv3.1.2.bias, %11170, %11172, %11170, %11593, %11172, %11594, %11593, %11593, %11595, %11595), scope: ultralytics.nn.tasks.WorldModel::/ultralytics.nn.modules.head.WorldDetect::model.23/torch.nn.modules.container.Sequential::cv3.1/torch.nn.modules.conv.Conv2d::cv3.1.2 # C:\Users\juanp\source\repos\Toy-Vision\tools\toy_model_export\.venv\Lib\site-packages\torch\nn\modules\conv.py:560:0
  %10833 : Float(1, 1, 40, 40, strides=[1600, 1600, 40, 1], requires_grad=0, device=cpu) = aten::linalg_vector_norm(%x.7, %11596, %11421, %11595, %8922), scope: ultralytics.nn.tasks.WorldModel::/ultralytics.nn.modules.head.WorldDetect::model.23/ultralytics.nn.modules.block.ContrastiveHead::cv4.1 # C:\Users\juanp\source\repos\Toy-Vision\tools\toy_model_export\.venv\Lib\site-packages\torch\functional.py:1839:0
  %10835 : Float(1, 1, 40, 40, strides=[1600, 1600, 40, 1], requires_grad=0, device=cpu) = aten::clamp_min(%10833, %11615), scope: ultralytics.nn.tasks.WorldModel::/ultralytics.nn.modules.head.WorldDetect::model.23/ultralytics.nn.modules.block.ContrastiveHead::cv4.1 # C:\Users\juanp\source\repos\Toy-Vision\tools\toy_model_export\.venv\Lib\site-packages\torch\nn\functional.py:5739:0
  %10836 : Float(1, 512, 40, 40, strides=[1600, 0, 40, 1], requires_grad=0, device=cpu) = aten::expand_as(%10835, %x.7), scope: ultralytics.nn.tasks.WorldModel::/ultralytics.nn.modules.head.WorldDetect::model.23/ultralytics.nn.modules.block.ContrastiveHead::cv4.1 # C:\Users\juanp\source\repos\Toy-Vision\tools\toy_model_export\.venv\Lib\site-packages\torch\nn\functional.py:5739:0
  %x.9 : Float(1, 512, 40, 40, strides=[819200, 1600, 40, 1], requires_grad=0, device=cpu) = aten::div(%x.7, %10836), scope: ultralytics.nn.tasks.WorldModel::/ultralytics.nn.modules.head.WorldDetect::model.23/ultralytics.nn.modules.block.ContrastiveHead::cv4.1 # C:\Users\juanp\source\repos\Toy-Vision\tools\toy_model_export\.venv\Lib\site-packages\torch\nn\functional.py:5740:0
  %w.5 : Float(1, 20, 512, strides=[10240, 512, 1], requires_grad=0, device=cpu) = aten::div(%w.1, %10697), scope: ultralytics.nn.tasks.WorldModel::/ultralytics.nn.modules.head.WorldDetect::model.23/ultralytics.nn.modules.block.ContrastiveHead::cv4.1 # C:\Users\juanp\source\repos\Toy-Vision\tools\toy_model_export\.venv\Lib\site-packages\torch\nn\functional.py:5740:0
  %10849 : Tensor[] = prim::ListConstruct(%x.9, %w.5), scope: ultralytics.nn.tasks.WorldModel::/ultralytics.nn.modules.head.WorldDetect::model.23/ultralytics.nn.modules.block.ContrastiveHead::cv4.1
  %10851 : Float(1, 20, 40, 40, strides=[32000, 1600, 40, 1], requires_grad=0, device=cpu) = aten::einsum(%10699, %10849, %8922), scope: ultralytics.nn.tasks.WorldModel::/ultralytics.nn.modules.head.WorldDetect::model.23/ultralytics.nn.modules.block.ContrastiveHead::cv4.1 # C:\Users\juanp\source\repos\Toy-Vision\tools\toy_model_export\.venv\Lib\site-packages\torch\functional.py:373:0
  %10852 : Float(requires_grad=0, device=cpu) = aten::exp(%model.23.cv4.1.logit_scale), scope: ultralytics.nn.tasks.WorldModel::/ultralytics.nn.modules.head.WorldDetect::model.23/ultralytics.nn.modules.block.ContrastiveHead::cv4.1 # C:\Users\juanp\source\repos\Toy-Vision\tools\toy_model_export\.venv\Lib\site-packages\ultralytics\nn\modules\block.py:776:0
  %10853 : Float(1, 20, 40, 40, strides=[32000, 1600, 40, 1], requires_grad=0, device=cpu) = aten::mul(%10851, %10852), scope: ultralytics.nn.tasks.WorldModel::/ultralytics.nn.modules.head.WorldDetect::model.23/ultralytics.nn.modules.block.ContrastiveHead::cv4.1 # C:\Users\juanp\source\repos\Toy-Vision\tools\toy_model_export\.venv\Lib\site-packages\ultralytics\nn\modules\block.py:776:0
  %10855 : Float(1, 20, 40, 40, strides=[32000, 1600, 40, 1], requires_grad=0, device=cpu) = aten::add(%10853, %model.23.cv4.1.bias, %11594), scope: ultralytics.nn.tasks.WorldModel::/ultralytics.nn.modules.head.WorldDetect::model.23/ultralytics.nn.modules.block.ContrastiveHead::cv4.1 # C:\Users\juanp\source\repos\Toy-Vision\tools\toy_model_export\.venv\Lib\site-packages\ultralytics\nn\modules\block.py:776:0
  %10856 : Tensor[] = prim::ListConstruct(%10768, %10855), scope: ultralytics.nn.tasks.WorldModel::/ultralytics.nn.modules.head.WorldDetect::model.23
  %10858 : Float(1, 84, 40, 40, strides=[134400, 1600, 40, 1], requires_grad=0, device=cpu) = aten::cat(%10856, %11594), scope: ultralytics.nn.tasks.WorldModel::/ultralytics.nn.modules.head.WorldDetect::model.23 # C:\Users\juanp\source\repos\Toy-Vision\tools\toy_model_export\.venv\Lib\site-packages\ultralytics\nn\modules\head.py:886:0
  %input.235 : Float(1, 64, 20, 20, strides=[25600, 400, 20, 1], requires_grad=0, device=cpu) = aten::_convolution(%11572, %model.23.cv2.2.0.conv.weight, %model.23.cv2.2.0.conv.bias, %11170, %11170, %11170, %11593, %11172, %11594, %11593, %11593, %11595, %11595), scope: ultralytics.nn.tasks.WorldModel::/ultralytics.nn.modules.head.WorldDetect::model.23/torch.nn.modules.container.Sequential::cv2.2/ultralytics.nn.modules.conv.Conv::cv2.2.0/torch.nn.modules.conv.Conv2d::conv # C:\Users\juanp\source\repos\Toy-Vision\tools\toy_model_export\.venv\Lib\site-packages\torch\nn\modules\conv.py:560:0
  %11581 : Float(1, 64, 20, 20, strides=[25600, 400, 20, 1], requires_grad=0, device=cpu) = aten::silu(%input.235), scope: ultralytics.nn.tasks.WorldModel::/ultralytics.nn.modules.head.WorldDetect::model.23/torch.nn.modules.container.Sequential::cv2.2/ultralytics.nn.modules.conv.Conv::cv2.2.0/torch.nn.modules.activation.SiLU::act # C:\Users\juanp\source\repos\Toy-Vision\tools\toy_model_export\.venv\Lib\site-packages\torch\nn\functional.py:2396:0
  %input.239 : Float(1, 64, 20, 20, strides=[25600, 400, 20, 1], requires_grad=0, device=cpu) = aten::_convolution(%11581, %model.23.cv2.2.1.conv.weight, %model.23.cv2.2.1.conv.bias, %11170, %11170, %11170, %11593, %11172, %11594, %11593, %11593, %11595, %11595), scope: ultralytics.nn.tasks.WorldModel::/ultralytics.nn.modules.head.WorldDetect::model.23/torch.nn.modules.container.Sequential::cv2.2/ultralytics.nn.modules.conv.Conv::cv2.2.1/torch.nn.modules.conv.Conv2d::conv # C:\Users\juanp\source\repos\Toy-Vision\tools\toy_model_export\.venv\Lib\site-packages\torch\nn\modules\conv.py:560:0
  %11582 : Float(1, 64, 20, 20, strides=[25600, 400, 20, 1], requires_grad=0, device=cpu) = aten::silu(%input.239), scope: ultralytics.nn.tasks.WorldModel::/ultralytics.nn.modules.head.WorldDetect::model.23/torch.nn.modules.container.Sequential::cv2.2/ultralytics.nn.modules.conv.Conv::cv2.2.1/torch.nn.modules.activation.SiLU::act # C:\Users\juanp\source\repos\Toy-Vision\tools\toy_model_export\.venv\Lib\site-packages\torch\nn\functional.py:2396:0
  %10917 : Float(1, 64, 20, 20, strides=[25600, 400, 20, 1], requires_grad=0, device=cpu) = aten::_convolution(%11582, %model.23.cv2.2.2.weight, %model.23.cv2.2.2.bias, %11170, %11172, %11170, %11593, %11172, %11594, %11593, %11593, %11595, %11595), scope: ultralytics.nn.tasks.WorldModel::/ultralytics.nn.modules.head.WorldDetect::model.23/torch.nn.modules.container.Sequential::cv2.2/torch.nn.modules.conv.Conv2d::cv2.2.2 # C:\Users\juanp\source\repos\Toy-Vision\tools\toy_model_export\.venv\Lib\site-packages\torch\nn\modules\conv.py:560:0
  %input.243 : Float(1, 128, 20, 20, strides=[51200, 400, 20, 1], requires_grad=0, device=cpu) = aten::_convolution(%11572, %model.23.cv3.2.0.conv.weight, %model.23.cv3.2.0.conv.bias, %11170, %11170, %11170, %11593, %11172, %11594, %11593, %11593, %11595, %11595), scope: ultralytics.nn.tasks.WorldModel::/ultralytics.nn.modules.head.WorldDetect::model.23/torch.nn.modules.container.Sequential::cv3.2/ultralytics.nn.modules.conv.Conv::cv3.2.0/torch.nn.modules.conv.Conv2d::conv # C:\Users\juanp\source\repos\Toy-Vision\tools\toy_model_export\.venv\Lib\site-packages\torch\nn\modules\conv.py:560:0
  %11583 : Float(1, 128, 20, 20, strides=[51200, 400, 20, 1], requires_grad=0, device=cpu) = aten::silu(%input.243), scope: ultralytics.nn.tasks.WorldModel::/ultralytics.nn.modules.head.WorldDetect::model.23/torch.nn.modules.container.Sequential::cv3.2/ultralytics.nn.modules.conv.Conv::cv3.2.0/torch.nn.modules.activation.SiLU::act # C:\Users\juanp\source\repos\Toy-Vision\tools\toy_model_export\.venv\Lib\site-packages\torch\nn\functional.py:2396:0
  %input.247 : Float(1, 128, 20, 20, strides=[51200, 400, 20, 1], requires_grad=0, device=cpu) = aten::_convolution(%11583, %model.23.cv3.2.1.conv.weight, %model.23.cv3.2.1.conv.bias, %11170, %11170, %11170, %11593, %11172, %11594, %11593, %11593, %11595, %11595), scope: ultralytics.nn.tasks.WorldModel::/ultralytics.nn.modules.head.WorldDetect::model.23/torch.nn.modules.container.Sequential::cv3.2/ultralytics.nn.modules.conv.Conv::cv3.2.1/torch.nn.modules.conv.Conv2d::conv # C:\Users\juanp\source\repos\Toy-Vision\tools\toy_model_export\.venv\Lib\site-packages\torch\nn\modules\conv.py:560:0
  %11584 : Float(1, 128, 20, 20, strides=[51200, 400, 20, 1], requires_grad=0, device=cpu) = aten::silu(%input.247), scope: ultralytics.nn.tasks.WorldModel::/ultralytics.nn.modules.head.WorldDetect::model.23/torch.nn.modules.container.Sequential::cv3.2/ultralytics.nn.modules.conv.Conv::cv3.2.1/torch.nn.modules.activation.SiLU::act # C:\Users\juanp\source\repos\Toy-Vision\tools\toy_model_export\.venv\Lib\site-packages\torch\nn\functional.py:2396:0
  %x.11 : Float(1, 512, 20, 20, strides=[204800, 400, 20, 1], requires_grad=0, device=cpu) = aten::_convolution(%11584, %model.23.cv3.2.2.weight, %model.23.cv3.2.2.bias, %11170, %11172, %11170, %11593, %11172, %11594, %11593, %11593, %11595, %11595), scope: ultralytics.nn.tasks.WorldModel::/ultralytics.nn.modules.head.WorldDetect::model.23/torch.nn.modules.container.Sequential::cv3.2/torch.nn.modules.conv.Conv2d::cv3.2.2 # C:\Users\juanp\source\repos\Toy-Vision\tools\toy_model_export\.venv\Lib\site-packages\torch\nn\modules\conv.py:560:0
  %10982 : Float(1, 1, 20, 20, strides=[400, 400, 20, 1], requires_grad=0, device=cpu) = aten::linalg_vector_norm(%x.11, %11596, %11421, %11595, %8922), scope: ultralytics.nn.tasks.WorldModel::/ultralytics.nn.modules.head.WorldDetect::model.23/ultralytics.nn.modules.block.ContrastiveHead::cv4.2 # C:\Users\juanp\source\repos\Toy-Vision\tools\toy_model_export\.venv\Lib\site-packages\torch\functional.py:1839:0
  %10984 : Float(1, 1, 20, 20, strides=[400, 400, 20, 1], requires_grad=0, device=cpu) = aten::clamp_min(%10982, %11615), scope: ultralytics.nn.tasks.WorldModel::/ultralytics.nn.modules.head.WorldDetect::model.23/ultralytics.nn.modules.block.ContrastiveHead::cv4.2 # C:\Users\juanp\source\repos\Toy-Vision\tools\toy_model_export\.venv\Lib\site-packages\torch\nn\functional.py:5739:0
  %10985 : Float(1, 512, 20, 20, strides=[400, 0, 20, 1], requires_grad=0, device=cpu) = aten::expand_as(%10984, %x.11), scope: ultralytics.nn.tasks.WorldModel::/ultralytics.nn.modules.head.WorldDetect::model.23/ultralytics.nn.modules.block.ContrastiveHead::cv4.2 # C:\Users\juanp\source\repos\Toy-Vision\tools\toy_model_export\.venv\Lib\site-packages\torch\nn\functional.py:5739:0
  %x : Float(1, 512, 20, 20, strides=[204800, 400, 20, 1], requires_grad=0, device=cpu) = aten::div(%x.11, %10985), scope: ultralytics.nn.tasks.WorldModel::/ultralytics.nn.modules.head.WorldDetect::model.23/ultralytics.nn.modules.block.ContrastiveHead::cv4.2 # C:\Users\juanp\source\repos\Toy-Vision\tools\toy_model_export\.venv\Lib\site-packages\torch\nn\functional.py:5740:0
  %w : Float(1, 20, 512, strides=[10240, 512, 1], requires_grad=0, device=cpu) = aten::div(%w.1, %10697), scope: ultralytics.nn.tasks.WorldModel::/ultralytics.nn.modules.head.WorldDetect::model.23/ultralytics.nn.modules.block.ContrastiveHead::cv4.2 # C:\Users\juanp\source\repos\Toy-Vision\tools\toy_model_export\.venv\Lib\site-packages\torch\nn\functional.py:5740:0
  %10998 : Tensor[] = prim::ListConstruct(%x, %w), scope: ultralytics.nn.tasks.WorldModel::/ultralytics.nn.modules.head.WorldDetect::model.23/ultralytics.nn.modules.block.ContrastiveHead::cv4.2
  %11000 : Float(1, 20, 20, 20, strides=[8000, 400, 20, 1], requires_grad=0, device=cpu) = aten::einsum(%10699, %10998, %8922), scope: ultralytics.nn.tasks.WorldModel::/ultralytics.nn.modules.head.WorldDetect::model.23/ultralytics.nn.modules.block.ContrastiveHead::cv4.2 # C:\Users\juanp\source\repos\Toy-Vision\tools\toy_model_export\.venv\Lib\site-packages\torch\functional.py:373:0
  %11001 : Float(requires_grad=0, device=cpu) = aten::exp(%model.23.cv4.2.logit_scale), scope: ultralytics.nn.tasks.WorldModel::/ultralytics.nn.modules.head.WorldDetect::model.23/ultralytics.nn.modules.block.ContrastiveHead::cv4.2 # C:\Users\juanp\source\repos\Toy-Vision\tools\toy_model_export\.venv\Lib\site-packages\ultralytics\nn\modules\block.py:776:0
  %11002 : Float(1, 20, 20, 20, strides=[8000, 400, 20, 1], requires_grad=0, device=cpu) = aten::mul(%11000, %11001), scope: ultralytics.nn.tasks.WorldModel::/ultralytics.nn.modules.head.WorldDetect::model.23/ultralytics.nn.modules.block.ContrastiveHead::cv4.2 # C:\Users\juanp\source\repos\Toy-Vision\tools\toy_model_export\.venv\Lib\site-packages\ultralytics\nn\modules\block.py:776:0
  %11004 : Float(1, 20, 20, 20, strides=[8000, 400, 20, 1], requires_grad=0, device=cpu) = aten::add(%11002, %model.23.cv4.2.bias, %11594), scope: ultralytics.nn.tasks.WorldModel::/ultralytics.nn.modules.head.WorldDetect::model.23/ultralytics.nn.modules.block.ContrastiveHead::cv4.2 # C:\Users\juanp\source\repos\Toy-Vision\tools\toy_model_export\.venv\Lib\site-packages\ultralytics\nn\modules\block.py:776:0
  %11005 : Tensor[] = prim::ListConstruct(%10917, %11004), scope: ultralytics.nn.tasks.WorldModel::/ultralytics.nn.modules.head.WorldDetect::model.23
  %11007 : Float(1, 84, 20, 20, strides=[33600, 400, 20, 1], requires_grad=0, device=cpu) = aten::cat(%11005, %11594), scope: ultralytics.nn.tasks.WorldModel::/ultralytics.nn.modules.head.WorldDetect::model.23 # C:\Users\juanp\source\repos\Toy-Vision\tools\toy_model_export\.venv\Lib\site-packages\ultralytics\nn\modules\head.py:886:0
  %11009 : Long(device=cpu) = aten::size(%10709, %11591), scope: ultralytics.nn.tasks.WorldModel::/ultralytics.nn.modules.head.WorldDetect::model.23 # C:\Users\juanp\source\repos\Toy-Vision\tools\toy_model_export\.venv\Lib\site-packages\ultralytics\nn\modules\head.py:888:0
  %11616 : Long(device=cpu) = prim::Constant[value={84}](), scope: ultralytics.nn.tasks.WorldModel::/ultralytics.nn.modules.head.WorldDetect::model.23
  %11025 : int[] = prim::ListConstruct(%11009, %11616, %11592), scope: ultralytics.nn.tasks.WorldModel::/ultralytics.nn.modules.head.WorldDetect::model.23
  %11026 : Float(1, 84, 6400, strides=[537600, 6400, 1], requires_grad=0, device=cpu) = aten::view(%10709, %11025), scope: ultralytics.nn.tasks.WorldModel::/ultralytics.nn.modules.head.WorldDetect::model.23 # C:\Users\juanp\source\repos\Toy-Vision\tools\toy_model_export\.venv\Lib\site-packages\ultralytics\nn\modules\head.py:889:0
  %11030 : Float(1, 84, 1600, strides=[134400, 1600, 1], requires_grad=0, device=cpu) = aten::view(%10858, %11025), scope: ultralytics.nn.tasks.WorldModel::/ultralytics.nn.modules.head.WorldDetect::model.23 # C:\Users\juanp\source\repos\Toy-Vision\tools\toy_model_export\.venv\Lib\site-packages\ultralytics\nn\modules\head.py:889:0
  %11034 : Float(1, 84, 400, strides=[33600, 400, 1], requires_grad=0, device=cpu) = aten::view(%11007, %11025), scope: ultralytics.nn.tasks.WorldModel::/ultralytics.nn.modules.head.WorldDetect::model.23 # C:\Users\juanp\source\repos\Toy-Vision\tools\toy_model_export\.venv\Lib\site-packages\ultralytics\nn\modules\head.py:889:0
  %11035 : Tensor[] = prim::ListConstruct(%11026, %11030, %11034), scope: ultralytics.nn.tasks.WorldModel::/ultralytics.nn.modules.head.WorldDetect::model.23
  %x_cat : Float(1, 84, 8400, strides=[705600, 8400, 1], requires_grad=0, device=cpu) = aten::cat(%11035, %11596), scope: ultralytics.nn.tasks.WorldModel::/ultralytics.nn.modules.head.WorldDetect::model.23 # C:\Users\juanp\source\repos\Toy-Vision\tools\toy_model_export\.venv\Lib\site-packages\ultralytics\nn\modules\head.py:889:0
  %11475 : int[] = prim::Constant[value=[64, 20]]()
  %11589 : Float(1, 64, 8400, strides=[705600, 8400, 1], requires_grad=0, device=cpu), %scores : Float(1, 20, 8400, strides=[705600, 8400, 1], requires_grad=0, device=cpu) = aten::split_with_sizes[_outputs=2](%x_cat, %11475, %11594), scope: ultralytics.nn.tasks.WorldModel::/ultralytics.nn.modules.head.WorldDetect::model.23 # C:\Users\juanp\source\repos\Toy-Vision\tools\toy_model_export\.venv\Lib\site-packages\torch\_tensor.py:1067:0
  %11482 : Float(1, 4, 8400, strides=[33600, 8400, 1], requires_grad=0, device=cpu) = prim::Constant[value=<Tensor>]()
  %11086 : Long(device=cpu) = aten::size(%11589, %11591), scope: ultralytics.nn.tasks.WorldModel::/ultralytics.nn.modules.head.WorldDetect::model.23/ultralytics.nn.modules.block.DFL::dfl # C:\Users\juanp\source\repos\Toy-Vision\tools\toy_model_export\.venv\Lib\site-packages\ultralytics\nn\modules\block.py:78:0
  %11094 : Long(device=cpu) = aten::size(%11589, %11596), scope: ultralytics.nn.tasks.WorldModel::/ultralytics.nn.modules.head.WorldDetect::model.23/ultralytics.nn.modules.block.DFL::dfl # C:\Users\juanp\source\repos\Toy-Vision\tools\toy_model_export\.venv\Lib\site-packages\ultralytics\nn\modules\block.py:78:0
  %11617 : Long(device=cpu) = prim::Constant[value={16}](), scope: ultralytics.nn.tasks.WorldModel::/ultralytics.nn.modules.head.WorldDetect::model.23/ultralytics.nn.modules.block.DFL::dfl
  %11100 : int[] = prim::ListConstruct(%11086, %11598, %11617, %11094), scope: ultralytics.nn.tasks.WorldModel::/ultralytics.nn.modules.head.WorldDetect::model.23/ultralytics.nn.modules.block.DFL::dfl
  %11101 : Float(1, 4, 16, 8400, strides=[537600, 134400, 8400, 1], requires_grad=0, device=cpu) = aten::view(%11589, %11100), scope: ultralytics.nn.tasks.WorldModel::/ultralytics.nn.modules.head.WorldDetect::model.23/ultralytics.nn.modules.block.DFL::dfl # C:\Users\juanp\source\repos\Toy-Vision\tools\toy_model_export\.venv\Lib\site-packages\ultralytics\nn\modules\block.py:79:0
  %11104 : Float(1, 16, 4, 8400, strides=[537600, 8400, 134400, 1], requires_grad=0, device=cpu) = aten::transpose(%11101, %11596, %11594), scope: ultralytics.nn.tasks.WorldModel::/ultralytics.nn.modules.head.WorldDetect::model.23/ultralytics.nn.modules.block.DFL::dfl # C:\Users\juanp\source\repos\Toy-Vision\tools\toy_model_export\.venv\Lib\site-packages\ultralytics\nn\modules\block.py:79:0
  %input : Float(1, 16, 4, 8400, strides=[537600, 33600, 8400, 1], requires_grad=0, device=cpu) = aten::softmax(%11104, %11594, %8922), scope: ultralytics.nn.tasks.WorldModel::/ultralytics.nn.modules.head.WorldDetect::model.23/ultralytics.nn.modules.block.DFL::dfl # C:\Users\juanp\source\repos\Toy-Vision\tools\toy_model_export\.venv\Lib\site-packages\ultralytics\nn\modules\block.py:79:0
  %11127 : Float(1, 1, 4, 8400, strides=[33600, 33600, 8400, 1], requires_grad=0, device=cpu) = aten::_convolution(%input, %model.23.dfl.conv.weight, %8922, %11170, %11172, %11170, %11593, %11172, %11594, %11593, %11593, %11595, %11595), scope: ultralytics.nn.tasks.WorldModel::/ultralytics.nn.modules.head.WorldDetect::model.23/ultralytics.nn.modules.block.DFL::dfl/torch.nn.modules.conv.Conv2d::conv # C:\Users\juanp\source\repos\Toy-Vision\tools\toy_model_export\.venv\Lib\site-packages\torch\nn\modules\conv.py:560:0
  %11129 : int[] = prim::ListConstruct(%11086, %11598, %11094), scope: ultralytics.nn.tasks.WorldModel::/ultralytics.nn.modules.head.WorldDetect::model.23/ultralytics.nn.modules.block.DFL::dfl
  %11130 : Float(1, 4, 8400, strides=[33600, 8400, 1], requires_grad=0, device=cpu) = aten::view(%11127, %11129), scope: ultralytics.nn.tasks.WorldModel::/ultralytics.nn.modules.head.WorldDetect::model.23/ultralytics.nn.modules.block.DFL::dfl # C:\Users\juanp\source\repos\Toy-Vision\tools\toy_model_export\.venv\Lib\site-packages\ultralytics\nn\modules\block.py:79:0
  %bboxes : Float(1, 4, 8400, strides=[33600, 8400, 1], requires_grad=0, device=cpu) = aten::mul(%11130, %11482), scope: ultralytics.nn.tasks.WorldModel::/ultralytics.nn.modules.head.WorldDetect::model.23 # C:\Users\juanp\source\repos\Toy-Vision\tools\toy_model_export\.venv\Lib\site-packages\ultralytics\utils\export\tensorflow.py:48:0
  %11490 : Float(1, 2, 8400, strides=[2, 1, 2], requires_grad=0, device=cpu) = prim::Constant[value=<Tensor>]()
  %11527 : Float(1, 2, 8400, strides=[33600, 8400, 1], requires_grad=ERROR [34m[1mONNX:[0m export failure 3.2s: Unsupported: ONNX export of operator adaptive_max_pool2d, output size that are not factor of input size. Please feel free to request support or submit a pull request on PyTorch GitHub: https://github.com/pytorch/pytorch/issues  [Caused by the value '564 defined in (%564 : Long(2, strides=[1], device=cpu) = onnx::Constant[value= 3  3 [ CPULongType{2} ]]()
)' (type 'Tensor') in the TorchScript graph. The containing node has kind 'onnx::Constant'.] 

    Inputs:
        Empty
    Outputs:
        #0: 564 defined in (%564 : Long(2, strides=[1], device=cpu) = onnx::Constant[value= 3  3 [ CPULongType{2} ]]()
    )  (type 'Tensor')
ERROR [34m[1mTensorFlow SavedModel:[0m export failure 3.2s: Unsupported: ONNX export of operator adaptive_max_pool2d, output size that are not factor of input size. Please feel free to request support or submit a pull request on PyTorch GitHub: https://github.com/pytorch/pytorch/issues  [Caused by the value '564 defined in (%564 : Long(2, strides=[1], device=cpu) = onnx::Constant[value= 3  3 [ CPULongType{2} ]]()
)' (type 'Tensor') in the TorchScript graph. The containing node has kind 'onnx::Constant'.] 

    Inputs:
        Empty
    Outputs:
        #0: 564 defined in (%564 : Long(2, strides=[1], device=cpu) = onnx::Constant[value= 3  3 [ CPULongType{2} ]]()
    )  (type 'Tensor')
Traceback (most recent call last):
  File "C:\Users\juanp\source\repos\Toy-Vision\tools\toy_model_export\export_toy_model.py", line 119, in <module>
    main()
    ~~~~^^
  File "C:\Users\juanp\source\repos\Toy-Vision\tools\toy_model_export\export_toy_model.py", line 83, in main
    exported = model.export(format="tflite", imgsz=IMG_SIZE)
  File "C:\Users\juanp\source\repos\Toy-Vision\tools\toy_model_export\.venv\Lib\site-packages\ultralytics\engine\model.py", line 713, in export
    return Exporter(overrides=args, _callbacks=self.callbacks)(model=self.model)
           ~~~~~~~~~~~~~~~~~~~~~~~~~~~~~~~~~~~~~~~~~~~~~~~~~~~^^^^^^^^^^^^^^^^^^
  File "C:\Users\juanp\source\repos\Toy-Vision\tools\toy_model_export\.venv\Lib\site-packages\ultralytics\engine\exporter.py", line 735, in __call__
    f, keras_model = self.export_saved_model()
                     ~~~~~~~~~~~~~~~~~~~~~~~^^
  File "C:\Users\juanp\source\repos\Toy-Vision\tools\toy_model_export\.venv\Lib\site-packages\ultralytics\engine\exporter.py", line 391, in outer_func
    raise e
  File "C:\Users\juanp\source\repos\Toy-Vision\tools\toy_model_export\.venv\Lib\site-packages\ultralytics\engine\exporter.py", line 383, in outer_func
    f = inner_func(*args, **kwargs)  # exported file/dir or tuple of (file/dir, *)
  File "C:\Users\juanp\source\repos\Toy-Vision\tools\toy_model_export\.venv\Lib\site-packages\ultralytics\engine\exporter.py", line 1173, in export_saved_model
    f_onnx = self.export_onnx()  # ensure ONNX is available
  File "C:\Users\juanp\source\repos\Toy-Vision\tools\toy_model_export\.venv\Lib\site-packages\ultralytics\engine\exporter.py", line 391, in outer_func
    raise e
  File "C:\Users\juanp\source\repos\Toy-Vision\tools\toy_model_export\.venv\Lib\site-packages\ultralytics\engine\exporter.py", line 383, in outer_func
    f = inner_func(*args, **kwargs)  # exported file/dir or tuple of (file/dir, *)
  File "C:\Users\juanp\source\repos\Toy-Vision\tools\toy_model_export\.venv\Lib\site-packages\ultralytics\engine\exporter.py", line 868, in export_onnx
    torch2onnx(
    ~~~~~~~~~~^
        NMSModel(self.model, self.args) if self.args.nms else self.model,
        ^^^^^^^^^^^^^^^^^^^^^^^^^^^^^^^^^^^^^^^^^^^^^^^^^^^^^^^^^^^^^^^^^
    ...<5 lines>...
        dynamic=dynamic or None,
        ^^^^^^^^^^^^^^^^^^^^^^^^
    )
    ^
  File "C:\Users\juanp\source\repos\Toy-Vision\tools\toy_model_export\.venv\Lib\site-packages\ultralytics\utils\__init__.py", line 528, in decorated
    return f(*args, **kwargs)
  File "C:\Users\juanp\source\repos\Toy-Vision\tools\toy_model_export\.venv\Lib\site-packages\ultralytics\utils\export\engine.py", line 78, in torch2onnx
    torch.onnx.export(
    ~~~~~~~~~~~~~~~~~^
        model,
        ^^^^^^
    ...<8 lines>...
        **kwargs,
        ^^^^^^^^^
    )
    ^
  File "C:\Users\juanp\source\repos\Toy-Vision\tools\toy_model_export\.venv\Lib\site-packages\torch\onnx\__init__.py", line 334, in export
    export(
    ~~~~~~^
        model,
        ^^^^^^
    ...<15 lines>...
        autograd_inlining=autograd_inlining,
        ^^^^^^^^^^^^^^^^^^^^^^^^^^^^^^^^^^^^
    )
    ^
  File "C:\Users\juanp\source\repos\Toy-Vision\tools\toy_model_export\.venv\Lib\site-packages\torch\onnx\_internal\torchscript_exporter\utils.py", line 552, in export
    _export(
    ~~~~~~~^
        model,
        ^^^^^^
    ...<14 lines>...
        autograd_inlining=autograd_inlining,
        ^^^^^^^^^^^^^^^^^^^^^^^^^^^^^^^^^^^^
    )
    ^
  File "C:\Users\juanp\source\repos\Toy-Vision\tools\toy_model_export\.venv\Lib\site-packages\torch\onnx\_internal\torchscript_exporter\utils.py", line 1515, in _export
    graph, params_dict, torch_out = _model_to_graph(
                                    ~~~~~~~~~~~~~~~^
        model,
        ^^^^^^
    ...<8 lines>...
        dynamic_axes=dynamic_axes,
        ^^^^^^^^^^^^^^^^^^^^^^^^^^
    )
    ^
  File "C:\Users\juanp\source\repos\Toy-Vision\tools\toy_model_export\.venv\Lib\site-packages\torch\onnx\_internal\torchscript_exporter\utils.py", line 1117, in _model_to_graph
    graph = _optimize_graph(
        graph,
    ...<6 lines>...
        module=module,
    )
  File "C:\Users\juanp\source\repos\Toy-Vision\tools\toy_model_export\.venv\Lib\site-packages\torch\onnx\_internal\torchscript_exporter\utils.py", line 689, in _optimize_graph
    graph = _C._jit_pass_onnx(graph, operator_export_type)
  File "C:\Users\juanp\source\repos\Toy-Vision\tools\toy_model_export\.venv\Lib\site-packages\torch\onnx\_internal\torchscript_exporter\utils.py", line 1785, in _run_symbolic_function
    return symbolic_fn(graph_context, *inputs, **attrs)
  File "C:\Users\juanp\source\repos\Toy-Vision\tools\toy_model_export\.venv\Lib\site-packages\torch\onnx\_internal\torchscript_exporter\symbolic_helper.py", line 477, in wrapper
    return fn(g, *args, **kwargs)
  File "C:\Users\juanp\source\repos\Toy-Vision\tools\toy_model_export\.venv\Lib\site-packages\torch\onnx\_internal\torchscript_exporter\symbolic_opset9.py", line 1716, in symbolic_fn
    return symbolic_helper._unimplemented(
           ~~~~~~~~~~~~~~~~~~~~~~~~~~~~~~^
        name, "output size that are not factor of input size", output_size_value
        ^^^^^^^^^^^^^^^^^^^^^^^^^^^^^^^^^^^^^^^^^^^^^^^^^^^^^^^^^^^^^^^^^^^^^^^^
    )
    ^
  File "C:\Users\juanp\source\repos\Toy-Vision\tools\toy_model_export\.venv\Lib\site-packages\torch\onnx\_internal\torchscript_exporter\symbolic_helper.py", line 673, in _unimplemented
    _onnx_unsupported(f"{op}, {msg}", value)
    ~~~~~~~~~~~~~~~~~^^^^^^^^^^^^^^^^^^^^^^^
  File "C:\Users\juanp\source\repos\Toy-Vision\tools\toy_model_export\.venv\Lib\site-packages\torch\onnx\_internal\torchscript_exporter\symbolic_helper.py", line 683, in _onnx_unsupported
    raise errors.SymbolicValueError(
    ...<2 lines>...
    )
torch.onnx.errors.SymbolicValueError: Unsupported: ONNX export of operator adaptive_max_pool2d, output size that are not factor of input size. Please feel free to request support or submit a pull request on PyTorch GitHub: https://github.com/pytorch/pytorch/issues  [Caused by the value '564 defined in (%564 : Long(2, strides=[1], device=cpu) = onnx::Constant[value= 3  3 [ CPULongType{2} ]]()
)' (type 'Tensor') in the TorchScript graph. The containing node has kind 'onnx::Constant'.] 

    Inputs:
        Empty
    Outputs:
        #0: 564 defined in (%564 : Long(2, strides=[1], device=cpu) = onnx::Constant[value= 3  3 [ CPULongType{2} ]]()
    )  (type 'Tensor')
0, device=cpu), %11528 : Float(1, 2, 8400, strides=[33600, 8400, 1], requires_grad=0, device=cpu) = prim::ConstantChunk[chunks=2, dim=1](%bboxes), scope: ultralytics.nn.tasks.WorldModel::/ultralytics.nn.modules.head.WorldDetect::model.23 # C:\Users\juanp\source\repos\Toy-Vision\tools\toy_model_export\.venv\Lib\site-packages\ultralytics\utils\tal.py:418:0
  %11152 : Float(1, 2, 8400, strides=[2, 1, 2], requires_grad=0, device=cpu) = aten::sub(%11490, %11527, %11594), scope: ultralytics.nn.tasks.WorldModel::/ultralytics.nn.modules.head.WorldDetect::model.23 # C:\Users\juanp\source\repos\Toy-Vision\tools\toy_model_export\.venv\Lib\site-packages\ultralytics\utils\tal.py:419:0
  %11154 : Float(1, 2, 8400, strides=[2, 1, 2], requires_grad=0, device=cpu) = aten::add(%11490, %11528, %11594), scope: ultralytics.nn.tasks.WorldModel::/ultralytics.nn.modules.head.WorldDetect::model.23 # C:\Users\juanp\source\repos\Toy-Vision\tools\toy_model_export\.venv\Lib\site-packages\ultralytics\utils\tal.py:420:0
  %11156 : Float(1, 2, 8400, strides=[2, 1, 2], requires_grad=0, device=cpu) = aten::add(%11152, %11154, %11594), scope: ultralytics.nn.tasks.WorldModel::/ultralytics.nn.modules.head.WorldDetect::model.23 # C:\Users\juanp\source\repos\Toy-Vision\tools\toy_model_export\.venv\Lib\site-packages\ultralytics\utils\tal.py:422:0
  %11618 : Long(device=cpu) = prim::Constant[value={2}]()
  %11530 : Float(1, 2, 8400, strides=[2, 1, 2], requires_grad=0, device=cpu) = aten::div(%11156, %11618), scope: ultralytics.nn.tasks.WorldModel::/ultralytics.nn.modules.head.WorldDetect::model.23 # C:\Users\juanp\source\repos\Toy-Vision\tools\toy_model_export\.venv\Lib\site-packages\ultralytics\utils\tal.py:422:0
  %11160 : Float(1, 2, 8400, strides=[2, 1, 2], requires_grad=0, device=cpu) = aten::sub(%11154, %11152, %11594), scope: ultralytics.nn.tasks.WorldModel::/ultralytics.nn.modules.head.WorldDetect::model.23 # C:\Users\juanp\source\repos\Toy-Vision\tools\toy_model_export\.venv\Lib\site-packages\ultralytics\utils\tal.py:423:0
  %11164 : Float(1, 20, 8400, strides=[168000, 8400, 1], requires_grad=0, device=cpu) = aten::sigmoid(%scores), scope: ultralytics.nn.tasks.WorldModel::/ultralytics.nn.modules.head.WorldDetect::model.23 # C:\Users\juanp\source\repos\Toy-Vision\tools\toy_model_export\.venv\Lib\site-packages\ultralytics\nn\modules\head.py:184:0
  %11531 : Tensor[] = prim::ListConstruct(%11530, %11160, %11164)
  %11167 : Float(1, 24, 8400, strides=[201600, 8400, 1], requires_grad=0, device=cpu) = aten::cat(%11531, %11594), scope: ultralytics.nn.tasks.WorldModel::/ultralytics.nn.modules.head.WorldDetect::model.23 # C:\Users\juanp\source\repos\Toy-Vision\tools\toy_model_export\.venv\Lib\site-packages\ultralytics\nn\modules\head.py:184:0
  return (%11167)

